config,dataset,seed,source,nominal_per_hour,threshold_runs,alarms_per_hour_runs,threshold,padf,event_recall,alarms_per_hour,average_precision,roc_auc_reference_only,test_hours,alarm_cells_per_hour,alarm_windows_per_hour,episodes_per_hour,calib_hours,calib_budget_cells,calib_alarm_cells,calib_alarm_windows,calib_episodes
base_california,fold0,0,recomputed,0.25,-0.1646090671420089,0.6021505376344086,-0.16460906714200896,0.28708033976305025,0.35714285714285715,0.6021505376344086,0.3626089181152243,0.6157589702611893,23.25,0.6021505376344086,0.6021505376344086,0.34408602150537637,12.033333333333333,3.0083333333333333,3,3,3
base_iforest,fold0,0,recomputed,0.25,0.6834249794483187,1.935483870967742,0.6836168467998505,0.2859467209826949,0.35714285714285715,1.8494623655913978,0.4624089491161545,0.6874127523562881,23.25,1.8494623655913978,1.8494623655913978,0.43010752688172044,12.033333333333333,3.0083333333333333,3,3,2
base_pca,fold0,0,recomputed,0.25,4.573846578598023,0.3010752688172043,4.573843240737917,0.14285714285714285,0.14285714285714285,0.3010752688172043,0.48787466361029014,0.7002291303636241,23.25,0.3010752688172043,0.3010752688172043,0.043010752688172046,12.033333333333333,3.0083333333333333,3,3,1
base_snd,fold0,0,recomputed,0.25,2.648670315742496,0.2150537634408602,2.6486731767654703,0.2011511442453757,0.2857142857142857,0.21505376344086022,0.3663734088804532,0.5648003292545561,23.25,0.21505376344086022,0.21505376344086022,0.12903225806451613,12.033333333333333,3.0083333333333333,3,3,3
ctrl_random,fold0,0,recomputed,0.25,3.131225466728212,0.1290322580645161,3.1312254667282122,0.06820297170788689,0.07142857142857142,0.12903225806451613,0.30134210612950313,0.48509449220667944,23.25,0.12903225806451613,0.12903225806451613,0.12903225806451613,12.033333333333333,3.0083333333333333,3,3,3
ctrl_untrained,fold0,0,recomputed,0.25,14.71313047409058,1.032258064516129,14.61832761764527,0.14285714285714285,0.14285714285714285,1.032258064516129,0.48554621627971195,0.6834944305917918,23.25,1.032258064516129,1.032258064516129,0.08602150537634409,12.033333333333333,3.0083333333333333,3,3,1
base_california,fold0,1,recomputed,0.25,-0.1646090671420089,0.6021505376344086,-0.16460906714200896,0.28708033976305025,0.35714285714285715,0.6021505376344086,0.3626089181152243,0.6157589702611893,23.25,0.6021505376344086,0.6021505376344086,0.34408602150537637,12.033333333333333,3.0083333333333333,3,3,3
base_iforest,fold0,1,recomputed,0.25,0.6958242952823641,0.2580645161290322,0.6926657855510712,0.22085831151800514,0.2857142857142857,0.43010752688172044,0.45819447709742434,0.6869145382252986,23.25,0.43010752688172044,0.43010752688172044,0.08602150537634409,12.033333333333333,3.0083333333333333,3,3,2
base_pca,fold0,1,recomputed,0.25,4.573846578598023,0.3010752688172043,4.573843240737917,0.14285714285714285,0.14285714285714285,0.3010752688172043,0.48787466361029014,0.7002291303636241,23.25,0.3010752688172043,0.3010752688172043,0.043010752688172046,12.033333333333333,3.0083333333333333,3,3,1
base_snd,fold0,1,recomputed,0.25,2.648670315742496,0.2150537634408602,2.6486731767654703,0.2011511442453757,0.2857142857142857,0.21505376344086022,0.3663734088804532,0.5648003292545561,23.25,0.21505376344086022,0.21505376344086022,0.12903225806451613,12.033333333333333,3.0083333333333333,3,3,3
ctrl_random,fold0,1,recomputed,0.25,3.016839861869813,0.5591397849462365,3.016839861869813,0.37949131293367777,0.5,0.5591397849462365,0.31645996611790983,0.5201259254267312,23.25,0.5591397849462365,0.5591397849462365,0.43010752688172044,12.033333333333333,3.0083333333333333,2,2,2
ctrl_untrained,fold0,1,recomputed,0.25,14.69850873947144,1.032258064516129,14.774371623992923,0.14285714285714285,0.14285714285714285,1.032258064516129,0.4865143637864696,0.6864066967681066,23.25,1.032258064516129,1.032258064516129,0.08602150537634409,12.033333333333333,3.0083333333333333,3,3,1
base_california,fold0,2,recomputed,0.25,-0.1646090671420089,0.6021505376344086,-0.16460906714200896,0.28708033976305025,0.35714285714285715,0.6021505376344086,0.3626089181152243,0.6157589702611893,23.25,0.6021505376344086,0.6021505376344086,0.34408602150537637,12.033333333333333,3.0083333333333333,3,3,3
base_iforest,fold0,2,recomputed,0.25,0.6846084296703339,1.118279569892473,0.6868443787097933,0.22380104419322613,0.2857142857142857,1.118279569892473,0.4427446418693042,0.6805869780785782,23.25,1.118279569892473,1.118279569892473,0.3870967741935484,12.033333333333333,3.0083333333333333,1,1,1
base_pca,fold0,2,recomputed,0.25,4.573846578598023,0.3010752688172043,4.573843240737917,0.14285714285714285,0.14285714285714285,0.3010752688172043,0.48787466361029014,0.7002291303636241,23.25,0.3010752688172043,0.3010752688172043,0.043010752688172046,12.033333333333333,3.0083333333333333,3,3,1
base_snd,fold0,2,recomputed,0.25,2.648670315742496,0.2150537634408602,2.6486731767654703,0.2011511442453757,0.2857142857142857,0.21505376344086022,0.3663734088804532,0.5648003292545561,23.25,0.21505376344086022,0.21505376344086022,0.12903225806451613,12.033333333333333,3.0083333333333333,3,3,3
ctrl_random,fold0,2,recomputed,0.25,3.142265200614929,0.2150537634408602,3.142265200614929,0.10111563914795671,0.14285714285714285,0.21505376344086022,0.30542968236600054,0.48472143331632506,23.25,0.21505376344086022,0.21505376344086022,0.17204301075268819,12.033333333333333,3.0083333333333333,3,3,3
ctrl_untrained,fold0,2,recomputed,0.25,14.738269329071043,0.989247311827957,14.623425006866462,0.14285714285714285,0.14285714285714285,1.032258064516129,0.48435357009233204,0.6810851922095675,23.25,1.032258064516129,1.032258064516129,0.08602150537634409,12.033333333333333,3.0083333333333333,3,3,1
base_california,fold0,3,recomputed,0.25,-0.1646090671420089,0.6021505376344086,-0.16460906714200896,0.28708033976305025,0.35714285714285715,0.6021505376344086,0.3626089181152243,0.6157589702611893,23.25,0.6021505376344086,0.6021505376344086,0.34408602150537637,12.033333333333333,3.0083333333333333,3,3,3
base_iforest,fold0,3,recomputed,0.25,0.6931409537792206,1.2903225806451613,0.6916755139827728,0.24560924110041366,0.35714285714285715,1.3333333333333333,0.4551928350559059,0.6916559963801252,23.25,1.3333333333333333,1.3333333333333333,0.34408602150537637,12.033333333333333,3.0083333333333333,3,3,2
base_pca,fold0,3,recomputed,0.25,4.573846578598023,0.3010752688172043,4.573843240737917,0.14285714285714285,0.14285714285714285,0.3010752688172043,0.48787466361029014,0.7002291303636241,23.25,0.3010752688172043,0.3010752688172043,0.043010752688172046,12.033333333333333,3.0083333333333333,3,3,1
base_snd,fold0,3,recomputed,0.25,2.648670315742496,0.2150537634408602,2.6486731767654703,0.2011511442453757,0.2857142857142857,0.21505376344086022,0.3663734088804532,0.5648003292545561,23.25,0.21505376344086022,0.21505376344086022,0.12903225806451613,12.033333333333333,3.0083333333333333,3,3,3
ctrl_random,fold0,3,recomputed,0.25,3.136123061180115,0.086021505376344,3.136123061180115,0.1932445010387369,0.21428571428571427,0.08602150537634409,0.3350208434011791,0.5308928863686688,23.25,0.08602150537634409,0.08602150537634409,0.08602150537634409,12.033333333333333,3.0083333333333333,3,3,3
ctrl_untrained,fold0,3,recomputed,0.25,14.50525903701783,1.032258064516129,14.659817218780532,0.14285714285714285,0.14285714285714285,1.032258064516129,0.4851717705937803,0.681171838145392,23.25,1.032258064516129,1.032258064516129,0.08602150537634409,12.033333333333333,3.0083333333333333,3,3,1
base_california,fold0,4,recomputed,0.25,-0.1646090671420089,0.6021505376344086,-0.16460906714200896,0.28708033976305025,0.35714285714285715,0.6021505376344086,0.3626089181152243,0.6157589702611893,23.25,0.6021505376344086,0.6021505376344086,0.34408602150537637,12.033333333333333,3.0083333333333333,3,3,3
base_iforest,fold0,4,recomputed,0.25,0.6849800646305086,1.075268817204301,0.6866628229618075,0.2859467209826949,0.35714285714285715,1.118279569892473,0.4715050032403662,0.6937403125030086,23.25,1.118279569892473,1.118279569892473,0.43010752688172044,12.033333333333333,3.0083333333333333,3,3,2
base_pca,fold0,4,recomputed,0.25,4.573846578598023,0.3010752688172043,4.573843240737917,0.14285714285714285,0.14285714285714285,0.3010752688172043,0.48787466361029014,0.7002291303636241,23.25,0.3010752688172043,0.3010752688172043,0.043010752688172046,12.033333333333333,3.0083333333333333,3,3,1
base_snd,fold0,4,recomputed,0.25,2.648670315742496,0.2150537634408602,2.6486731767654703,0.2011511442453757,0.2857142857142857,0.21505376344086022,0.3663734088804532,0.5648003292545561,23.25,0.21505376344086022,0.21505376344086022,0.12903225806451613,12.033333333333333,3.0083333333333333,3,3,3
ctrl_random,fold0,4,recomputed,0.25,3.132897257804871,0.086021505376344,3.132897257804871,0.0,0.0,0.08602150537634409,0.30806240737197355,0.500457297994628,23.25,0.08602150537634409,0.08602150537634409,0.08602150537634409,12.033333333333333,3.0083333333333333,2,2,2
ctrl_untrained,fold0,4,recomputed,0.25,14.944020748138437,1.032258064516129,14.781177997589124,0.14285714285714285,0.14285714285714285,0.989247311827957,0.4840713858814165,0.6786133762070261,23.25,0.989247311827957,0.989247311827957,0.08602150537634409,12.033333333333333,3.0083333333333333,3,3,1
base_california,fold1,0,recomputed,0.25,1.247842133045212,0.1290322580645161,1.247842133045212,0.0,0.0,0.12903225806451613,0.2598504240584637,0.6009874035185108,23.25,0.12903225806451613,0.12903225806451613,0.043010752688172046,10.366666666666667,2.591666666666667,2,2,1
base_iforest,fold1,0,recomputed,0.25,0.7185776531696322,1.2043010752688172,0.718006879091263,0.17794583533789537,0.2222222222222222,1.075268817204301,0.3302232414016296,0.6090661595790543,23.25,1.075268817204301,1.075268817204301,0.25806451612903225,10.366666666666667,2.591666666666667,2,2,2
base_pca,fold1,0,recomputed,0.25,4.357173681259155,1.3763440860215057,4.357176065444951,0.06093472109414588,0.1111111111111111,1.3763440860215055,0.23986361678215762,0.5807993716523064,23.25,1.3763440860215055,1.3763440860215055,0.08602150537634409,10.366666666666667,2.591666666666667,2,2,1
base_snd,fold1,0,recomputed,0.25,2.735160470008875,0.4301075268817204,2.735160470008875,0.2222222222222222,0.2222222222222222,0.43010752688172044,0.2927093773454512,0.5774494634831959,23.25,0.43010752688172044,0.43010752688172044,0.17204301075268819,10.366666666666667,2.591666666666667,1,1,1
ctrl_random,fold1,0,recomputed,0.25,3.1409658193588257,0.1290322580645161,3.1409658193588257,0.1111111111111111,0.1111111111111111,0.12903225806451613,0.22777686264633926,0.5008208677576137,23.25,0.12903225806451613,0.12903225806451613,0.12903225806451613,10.366666666666667,2.591666666666667,2,2,2
ctrl_untrained,fold1,0,recomputed,0.25,19.244734764099125,0.946236559139785,18.947024345397956,0.0,0.0,0.9032258064516129,0.22249238327159673,0.5350610926399462,23.25,0.9032258064516129,0.9032258064516129,0.12903225806451613,10.366666666666667,2.591666666666667,2,2,2
base_california,fold1,1,recomputed,0.25,1.247842133045212,0.1290322580645161,1.247842133045212,0.0,0.0,0.12903225806451613,0.2598504240584637,0.6009874035185108,23.25,0.12903225806451613,0.12903225806451613,0.043010752688172046,10.366666666666667,2.591666666666667,2,2,1
base_iforest,fold1,1,recomputed,0.25,0.7039056718349457,1.3763440860215057,0.703176349401474,0.3472399532723746,0.4444444444444444,1.5053763440860215,0.3184495669435472,0.6051183171620417,23.25,1.5053763440860215,1.5053763440860215,0.34408602150537637,10.366666666666667,2.591666666666667,2,2,2
base_pca,fold1,1,recomputed,0.25,4.357173681259155,1.3763440860215057,4.357176065444951,0.06093472109414588,0.1111111111111111,1.3763440860215055,0.23986361678215762,0.5807993716523064,23.25,1.3763440860215055,1.3763440860215055,0.08602150537634409,10.366666666666667,2.591666666666667,2,2,1
base_snd,fold1,1,recomputed,0.25,2.735160470008875,0.4301075268817204,2.735160470008875,0.2222222222222222,0.2222222222222222,0.43010752688172044,0.2927093773454512,0.5774494634831959,23.25,0.43010752688172044,0.43010752688172044,0.17204301075268819,10.366666666666667,2.591666666666667,1,1,1
ctrl_random,fold1,1,recomputed,0.25,3.016839861869813,0.9032258064516128,3.016839861869813,0.2222222222222222,0.2222222222222222,0.9032258064516129,0.20844376495352895,0.46891332463252877,23.25,0.9032258064516129,0.9032258064516129,0.6881720430107527,10.366666666666667,2.591666666666667,1,1,1
ctrl_untrained,fold1,1,recomputed,0.25,19.027991294860847,0.946236559139785,19.17147541046143,0.0,0.0,0.946236559139785,0.22284863084961395,0.5365079458817832,23.25,0.946236559139785,0.946236559139785,0.12903225806451613,10.366666666666667,2.591666666666667,2,2,2
base_california,fold1,2,recomputed,0.25,1.247842133045212,0.1290322580645161,1.247842133045212,0.0,0.0,0.12903225806451613,0.2598504240584637,0.6009874035185108,23.25,0.12903225806451613,0.12903225806451613,0.043010752688172046,10.366666666666667,2.591666666666667,2,2,1
base_iforest,fold1,2,recomputed,0.25,0.7112163603305819,1.2043010752688172,0.7118734419345858,0.17794583533789537,0.2222222222222222,1.118279569892473,0.3312467022908518,0.6116941175081053,23.25,1.118279569892473,1.118279569892473,0.25806451612903225,10.366666666666667,2.591666666666667,1,1,1
base_pca,fold1,2,recomputed,0.25,4.357173681259155,1.3763440860215057,4.357176065444951,0.06093472109414588,0.1111111111111111,1.3763440860215055,0.23986361678215762,0.5807993716523064,23.25,1.3763440860215055,1.3763440860215055,0.08602150537634409,10.366666666666667,2.591666666666667,2,2,1
base_snd,fold1,2,recomputed,0.25,2.735160470008875,0.4301075268817204,2.735160470008875,0.2222222222222222,0.2222222222222222,0.43010752688172044,0.2927093773454512,0.5774494634831959,23.25,0.43010752688172044,0.43010752688172044,0.17204301075268819,10.366666666666667,2.591666666666667,1,1,1
ctrl_random,fold1,2,recomputed,0.25,3.1472424268722548,0.2150537634408602,3.1472424268722548,0.16666666666666666,0.2222222222222222,0.21505376344086022,0.22299551662577516,0.4963917251805614,23.25,0.21505376344086022,0.21505376344086022,0.17204301075268819,10.366666666666667,2.591666666666667,2,2,2
ctrl_untrained,fold1,2,recomputed,0.25,19.03975582122803,0.946236559139785,18.946621894836436,0.0,0.0,0.989247311827957,0.22207322453843545,0.5330059704841938,23.25,0.989247311827957,0.989247311827957,0.12903225806451613,10.366666666666667,2.591666666666667,2,2,2
base_california,fold1,3,recomputed,0.25,1.247842133045212,0.1290322580645161,1.247842133045212,0.0,0.0,0.12903225806451613,0.2598504240584637,0.6009874035185108,23.25,0.12903225806451613,0.12903225806451613,0.043010752688172046,10.366666666666667,2.591666666666667,2,2,1
base_iforest,fold1,3,recomputed,0.25,0.7116939723491669,1.118279569892473,0.7128259241580965,0.17794583533789537,0.2222222222222222,1.075268817204301,0.3214117040193396,0.6052866245799695,23.25,1.075268817204301,1.075268817204301,0.17204301075268819,10.366666666666667,2.591666666666667,2,2,2
base_pca,fold1,3,recomputed,0.25,4.357173681259155,1.3763440860215057,4.357176065444951,0.06093472109414588,0.1111111111111111,1.3763440860215055,0.23986361678215762,0.5807993716523064,23.25,1.3763440860215055,1.3763440860215055,0.08602150537634409,10.366666666666667,2.591666666666667,2,2,1
base_snd,fold1,3,recomputed,0.25,2.735160470008875,0.4301075268817204,2.735160470008875,0.2222222222222222,0.2222222222222222,0.43010752688172044,0.2927093773454512,0.5774494634831959,23.25,0.43010752688172044,0.43010752688172044,0.17204301075268819,10.366666666666667,2.591666666666667,1,1,1
ctrl_random,fold1,3,recomputed,0.25,3.185943484306337,0.086021505376344,3.1859434843063372,0.1111111111111111,0.1111111111111111,0.08602150537634409,0.22608649078834628,0.49125096702946264,23.25,0.08602150537634409,0.08602150537634409,0.08602150537634409,10.366666666666667,2.591666666666667,2,2,2
ctrl_untrained,fold1,3,recomputed,0.25,18.854968070983887,0.946236559139785,19.03995418548585,0.0,0.0,0.9032258064516129,0.2220939217306379,0.5329793956287316,23.25,0.9032258064516129,0.9032258064516129,0.12903225806451613,10.366666666666667,2.591666666666667,2,2,2
base_california,fold1,4,recomputed,0.25,1.247842133045212,0.1290322580645161,1.247842133045212,0.0,0.0,0.12903225806451613,0.2598504240584637,0.6009874035185108,23.25,0.12903225806451613,0.12903225806451613,0.043010752688172046,10.366666666666667,2.591666666666667,2,2,1
base_iforest,fold1,4,recomputed,0.25,0.718550115823746,0.946236559139785,0.7171115577220917,0.2890569464490065,0.3333333333333333,0.989247311827957,0.31670497657820346,0.6070789509428169,23.25,0.989247311827957,0.989247311827957,0.12903225806451613,10.366666666666667,2.591666666666667,1,1,1
base_pca,fold1,4,recomputed,0.25,4.357173681259155,1.3763440860215057,4.357176065444951,0.06093472109414588,0.1111111111111111,1.3763440860215055,0.23986361678215762,0.5807993716523064,23.25,1.3763440860215055,1.3763440860215055,0.08602150537634409,10.366666666666667,2.591666666666667,2,2,1
base_snd,fold1,4,recomputed,0.25,2.735160470008875,0.4301075268817204,2.735160470008875,0.2222222222222222,0.2222222222222222,0.43010752688172044,0.2927093773454512,0.5774494634831959,23.25,0.43010752688172044,0.43010752688172044,0.17204301075268819,10.366666666666667,2.591666666666667,1,1,1
ctrl_random,fold1,4,recomputed,0.25,3.132897257804871,0.086021505376344,3.132897257804871,0.0,0.0,0.08602150537634409,0.22316544166135494,0.49085824972096403,23.25,0.08602150537634409,0.08602150537634409,0.08602150537634409,10.366666666666667,2.591666666666667,1,1,1
ctrl_untrained,fold1,4,recomputed,0.25,19.19118213653565,0.946236559139785,19.05837535858155,0.0,0.0,0.946236559139785,0.22164874758820763,0.5306289973011757,23.25,0.946236559139785,0.946236559139785,0.12903225806451613,10.366666666666667,2.591666666666667,2,2,2
base_california,fold2,0,recomputed,0.25,1.2573580145835963,0.1290322580645161,1.2573580145835965,0.0,0.0,0.12903225806451613,0.34507006479599206,0.5837257792855337,23.25,0.12903225806451613,0.12903225806451613,0.08602150537634409,11.9,2.975,0,0,0
base_iforest,fold2,0,recomputed,0.25,0.7117991745471957,0.946236559139785,0.7122710049152376,0.2901587807723615,0.35714285714285715,0.946236559139785,0.4282921042175362,0.6255493050485964,23.25,0.946236559139785,0.946236559139785,0.25806451612903225,11.9,2.975,2,2,2
base_pca,fold2,0,recomputed,0.25,6.883805513381965,0.2580645161290322,6.8837969303131175,0.07142857142857142,0.07142857142857142,0.25806451612903225,0.47373504482797785,0.6631764026662469,23.25,0.25806451612903225,0.25806451612903225,0.08602150537634409,11.9,2.975,2,2,1
base_snd,fold2,0,recomputed,0.25,2.147168517112809,1.2473118279569892,2.147168517112809,0.3331607920914446,0.35714285714285715,1.2473118279569892,0.3619920868146846,0.5771054904262273,23.25,1.2473118279569892,1.2473118279569892,0.7311827956989247,11.9,2.975,2,2,2
ctrl_random,fold2,0,recomputed,0.25,3.140965819358827,0.1720430107526881,3.140965819358827,0.0,0.0,0.17204301075268819,0.31417601159632963,0.49714910083356,23.25,0.17204301075268819,0.17204301075268819,0.17204301075268819,11.9,2.975,2,2,2
ctrl_untrained,fold2,0,recomputed,0.25,21.090176582336436,0.043010752688172,20.763817787170417,0.07142857142857142,0.07142857142857142,0.043010752688172046,0.42251460161710713,0.6461067930127921,23.25,0.043010752688172046,0.043010752688172046,0.043010752688172046,11.9,2.975,2,2,2
base_california,fold2,1,recomputed,0.25,1.2573580145835963,0.1290322580645161,1.2573580145835965,0.0,0.0,0.12903225806451613,0.34507006479599206,0.5837257792855337,23.25,0.12903225806451613,0.12903225806451613,0.08602150537634409,11.9,2.975,0,0,0
base_iforest,fold2,1,recomputed,0.25,0.7015306055545809,1.075268817204301,0.7009733617305756,0.2529773581075467,0.2857142857142857,1.1612903225806452,0.44091119398641043,0.6317091557998502,23.25,1.1612903225806452,1.1612903225806452,0.3010752688172043,11.9,2.975,2,2,1
base_pca,fold2,1,recomputed,0.25,6.883805513381965,0.2580645161290322,6.8837969303131175,0.07142857142857142,0.07142857142857142,0.25806451612903225,0.47373504482797785,0.6631764026662469,23.25,0.25806451612903225,0.25806451612903225,0.08602150537634409,11.9,2.975,2,2,1
base_snd,fold2,1,recomputed,0.25,2.147168517112809,1.2473118279569892,2.147168517112809,0.3331607920914446,0.35714285714285715,1.2473118279569892,0.3619920868146846,0.5771054904262273,23.25,1.2473118279569892,1.2473118279569892,0.7311827956989247,11.9,2.975,2,2,2
ctrl_random,fold2,1,recomputed,0.25,3.016839861869813,0.7741935483870968,3.016839861869813,0.31106321125379294,0.35714285714285715,0.7741935483870968,0.32085137066645586,0.5011522881149711,23.25,0.7741935483870968,0.7741935483870968,0.5591397849462365,11.9,2.975,2,2,2
ctrl_untrained,fold2,1,recomputed,0.25,20.850069999694824,0.043010752688172,20.96768856048585,0.07142857142857142,0.07142857142857142,0.043010752688172046,0.4228428425036551,0.6473401945768502,23.25,0.043010752688172046,0.043010752688172046,0.043010752688172046,11.9,2.975,2,2,2
base_california,fold2,2,recomputed,0.25,1.2573580145835963,0.1290322580645161,1.2573580145835965,0.0,0.0,0.12903225806451613,0.34507006479599206,0.5837257792855337,23.25,0.12903225806451613,0.12903225806451613,0.08602150537634409,11.9,2.975,0,0,0
base_iforest,fold2,2,recomputed,0.25,0.7185798585414886,0.086021505376344,0.7167676389217377,0.07142857142857142,0.07142857142857142,0.08602150537634409,0.43151118513625897,0.6386610555245416,23.25,0.08602150537634409,0.08602150537634409,0.043010752688172046,11.9,2.975,2,2,1
base_pca,fold2,2,recomputed,0.25,6.883805513381965,0.2580645161290322,6.8837969303131175,0.07142857142857142,0.07142857142857142,0.25806451612903225,0.47373504482797785,0.6631764026662469,23.25,0.25806451612903225,0.25806451612903225,0.08602150537634409,11.9,2.975,2,2,1
base_snd,fold2,2,recomputed,0.25,2.147168517112809,1.2473118279569892,2.147168517112809,0.3331607920914446,0.35714285714285715,1.2473118279569892,0.3619920868146846,0.5771054904262273,23.25,1.2473118279569892,1.2473118279569892,0.7311827956989247,11.9,2.975,2,2,2
ctrl_random,fold2,2,recomputed,0.25,3.1472424268722548,0.2150537634408602,3.1472424268722548,0.14285714285714285,0.14285714285714285,0.21505376344086022,0.351264340441544,0.5291912989126026,23.25,0.21505376344086022,0.21505376344086022,0.17204301075268819,11.9,2.975,2,2,2
ctrl_untrained,fold2,2,recomputed,0.25,20.91054248809816,0.043010752688172,20.866311073303233,0.07142857142857142,0.07142857142857142,0.043010752688172046,0.42191334473905096,0.6432892935018585,23.25,0.043010752688172046,0.043010752688172046,0.043010752688172046,11.9,2.975,2,2,2
base_california,fold2,3,recomputed,0.25,1.2573580145835963,0.1290322580645161,1.2573580145835965,0.0,0.0,0.12903225806451613,0.34507006479599206,0.5837257792855337,23.25,0.12903225806451613,0.12903225806451613,0.08602150537634409,11.9,2.975,0,0,0
base_iforest,fold2,3,recomputed,0.25,0.7088339626789095,0.989247311827957,0.7076164186000824,0.24634390880279192,0.2857142857142857,1.075268817204301,0.43256614938513116,0.6207636115524637,23.25,1.075268817204301,1.075268817204301,0.21505376344086022,11.9,2.975,2,2,1
base_pca,fold2,3,recomputed,0.25,6.883805513381965,0.2580645161290322,6.8837969303131175,0.07142857142857142,0.07142857142857142,0.25806451612903225,0.47373504482797785,0.6631764026662469,23.25,0.25806451612903225,0.25806451612903225,0.08602150537634409,11.9,2.975,2,2,1
base_snd,fold2,3,recomputed,0.25,2.147168517112809,1.2473118279569892,2.147168517112809,0.3331607920914446,0.35714285714285715,1.2473118279569892,0.3619920868146846,0.5771054904262273,23.25,1.2473118279569892,1.2473118279569892,0.7311827956989247,11.9,2.975,2,2,2
ctrl_random,fold2,3,recomputed,0.25,3.185943484306337,0.086021505376344,3.1859434843063372,0.028346447356574992,0.07142857142857142,0.08602150537634409,0.31382382423539357,0.4950019801224336,23.25,0.08602150537634409,0.08602150537634409,0.08602150537634409,11.9,2.975,2,2,2
ctrl_untrained,fold2,3,recomputed,0.25,20.662585258483897,0.043010752688172,20.84989261627199,0.07142857142857142,0.07142857142857142,0.043010752688172046,0.42170009833217587,0.6430292533268442,23.25,0.043010752688172046,0.043010752688172046,0.043010752688172046,11.9,2.975,2,2,1
base_california,fold2,4,recomputed,0.25,1.2573580145835963,0.1290322580645161,1.2573580145835965,0.0,0.0,0.12903225806451613,0.34507006479599206,0.5837257792855337,23.25,0.12903225806451613,0.12903225806451613,0.08602150537634409,11.9,2.975,0,0,0
base_iforest,fold2,4,recomputed,0.25,0.7086703479290009,0.8602150537634409,0.7085380852222445,0.20798017775415834,0.21428571428571427,0.8172043010752689,0.42341957969559735,0.6190506863629207,23.25,0.8172043010752689,0.8172043010752689,0.3010752688172043,11.9,2.975,2,2,2
base_pca,fold2,4,recomputed,0.25,6.883805513381965,0.2580645161290322,6.8837969303131175,0.07142857142857142,0.07142857142857142,0.25806451612903225,0.47373504482797785,0.6631764026662469,23.25,0.25806451612903225,0.25806451612903225,0.08602150537634409,11.9,2.975,2,2,1
base_snd,fold2,4,recomputed,0.25,2.147168517112809,1.2473118279569892,2.147168517112809,0.3331607920914446,0.35714285714285715,1.2473118279569892,0.3619920868146846,0.5771054904262273,23.25,1.2473118279569892,1.2473118279569892,0.7311827956989247,11.9,2.975,2,2,2
ctrl_random,fold2,4,recomputed,0.25,3.132897257804871,0.086021505376344,3.132897257804871,0.0,0.0,0.08602150537634409,0.322649730579187,0.5215093781461283,23.25,0.08602150537634409,0.08602150537634409,0.08602150537634409,11.9,2.975,1,1,1
ctrl_untrained,fold2,4,recomputed,0.25,21.05802059173584,0.043010752688172,20.907753944396987,0.07142857142857142,0.07142857142857142,0.043010752688172046,0.4203404014097102,0.6374586679263108,23.25,0.043010752688172046,0.043010752688172046,0.043010752688172046,11.9,2.975,2,2,2
base_california,fold3,0,recomputed,0.25,0.5206284224987157,0.1720430107526881,0.5206284224987157,0.0,0.0,0.17204301075268819,0.22022767468161186,0.638899785448956,23.25,0.17204301075268819,0.17204301075268819,0.043010752688172046,9.783333333333333,2.4458333333333333,2,2,1
base_iforest,fold3,0,recomputed,0.25,0.7148932516574862,1.4623655913978495,0.7171758115291597,0.19536910469104646,0.2857142857142857,1.4193548387096775,0.3851494996909989,0.783203375176124,23.25,1.4193548387096775,1.4193548387096775,0.21505376344086022,9.783333333333333,2.4458333333333333,2,2,1
base_pca,fold3,0,recomputed,0.25,6.918563604354864,2.4516129032258065,6.9185612201690745,0.25112261189359986,0.2857142857142857,2.4516129032258065,0.31400693043340167,0.7912730562315871,23.25,2.4516129032258065,2.4516129032258065,0.043010752688172046,9.783333333333333,2.4458333333333333,2,2,1
base_snd,fold3,0,recomputed,0.25,3.114544510841379,0.1290322580645161,3.1145437955856514,0.0,0.0,0.12903225806451613,0.21094246674215855,0.6277779556807993,23.25,0.12903225806451613,0.12903225806451613,0.08602150537634409,9.783333333333333,2.4458333333333333,2,2,1
ctrl_random,fold3,0,recomputed,0.25,3.131225466728211,0.1290322580645161,3.131225466728211,0.14285714285714285,0.14285714285714285,0.12903225806451613,0.1405825027781513,0.46638033175355453,23.25,0.12903225806451613,0.12903225806451613,0.12903225806451613,9.783333333333333,2.4458333333333333,2,2,2
ctrl_untrained,fold3,0,recomputed,0.25,18.80792331695557,1.5483870967741935,18.749600410461433,0.07142857142857142,0.14285714285714285,1.5483870967741935,0.2948434602230572,0.748619027795568,23.25,1.5483870967741935,1.5483870967741935,0.08602150537634409,9.783333333333333,2.4458333333333333,2,2,2
base_california,fold3,1,recomputed,0.25,0.5206284224987157,0.1720430107526881,0.5206284224987157,0.0,0.0,0.17204301075268819,0.22022767468161186,0.638899785448956,23.25,0.17204301075268819,0.17204301075268819,0.043010752688172046,9.783333333333333,2.4458333333333333,2,2,1
base_iforest,fold3,1,recomputed,0.25,0.7163324654102328,0.7741935483870968,0.7148267328739168,0.13024606979403097,0.14285714285714285,0.9032258064516129,0.3701328239442426,0.7804694504931473,23.25,0.9032258064516129,0.9032258064516129,0.12903225806451613,9.783333333333333,2.4458333333333333,2,2,1
base_pca,fold3,1,recomputed,0.25,6.918563604354864,2.4516129032258065,6.9185612201690745,0.25112261189359986,0.2857142857142857,2.4516129032258065,0.31400693043340167,0.7912730562315871,23.25,2.4516129032258065,2.4516129032258065,0.043010752688172046,9.783333333333333,2.4458333333333333,2,2,1
base_snd,fold3,1,recomputed,0.25,3.114544510841379,0.1290322580645161,3.1145437955856514,0.0,0.0,0.12903225806451613,0.21094246674215855,0.6277779556807993,23.25,0.12903225806451613,0.12903225806451613,0.08602150537634409,9.783333333333333,2.4458333333333333,2,2,1
ctrl_random,fold3,1,recomputed,0.25,3.016839861869813,0.946236559139785,3.016839861869813,0.14285714285714285,0.14285714285714285,0.946236559139785,0.1556920392530195,0.5009046368643525,23.25,0.946236559139785,0.946236559139785,0.7741935483870968,9.783333333333333,2.4458333333333333,1,1,1
ctrl_untrained,fold3,1,recomputed,0.25,18.9439001083374,1.5053763440860215,18.977652549743667,0.07142857142857142,0.14285714285714285,1.5483870967741935,0.29922825571779116,0.748823171512745,23.25,1.5483870967741935,1.5483870967741935,0.08602150537634409,9.783333333333333,2.4458333333333333,2,2,2
base_california,fold3,2,recomputed,0.25,0.5206284224987157,0.1720430107526881,0.5206284224987157,0.0,0.0,0.17204301075268819,0.22022767468161186,0.638899785448956,23.25,0.17204301075268819,0.17204301075268819,0.043010752688172046,9.783333333333333,2.4458333333333333,2,2,1
base_iforest,fold3,2,recomputed,0.25,0.7176875174045565,1.1612903225806452,0.7160547077655794,0.2078345148443452,0.2857142857142857,1.2043010752688172,0.37366470020086345,0.7762544831561421,23.25,1.2043010752688172,1.2043010752688172,0.17204301075268819,9.783333333333333,2.4458333333333333,2,2,1
base_pca,fold3,2,recomputed,0.25,6.918563604354864,2.4516129032258065,6.9185612201690745,0.25112261189359986,0.2857142857142857,2.4516129032258065,0.31400693043340167,0.7912730562315871,23.25,2.4516129032258065,2.4516129032258065,0.043010752688172046,9.783333333333333,2.4458333333333333,2,2,1
base_snd,fold3,2,recomputed,0.25,3.114544510841379,0.1290322580645161,3.1145437955856514,0.0,0.0,0.12903225806451613,0.21094246674215855,0.6277779556807993,23.25,0.12903225806451613,0.12903225806451613,0.08602150537634409,9.783333333333333,2.4458333333333333,2,2,1
ctrl_random,fold3,2,recomputed,0.25,3.1472424268722548,0.2150537634408602,3.1472424268722548,0.2857142857142857,0.2857142857142857,0.21505376344086022,0.1429618933644405,0.46449100166517227,23.25,0.21505376344086022,0.21505376344086022,0.17204301075268819,9.783333333333333,2.4458333333333333,2,2,2
ctrl_untrained,fold3,2,recomputed,0.25,18.937399864196784,1.5483870967741935,18.816512107849128,0.07142857142857142,0.14285714285714285,1.6774193548387097,0.30115015628248837,0.7489592673241962,23.25,1.6774193548387097,1.6774193548387097,0.08602150537634409,9.783333333333333,2.4458333333333333,2,2,2
base_california,fold3,3,recomputed,0.25,0.5206284224987157,0.1720430107526881,0.5206284224987157,0.0,0.0,0.17204301075268819,0.22022767468161186,0.638899785448956,23.25,0.17204301075268819,0.17204301075268819,0.043010752688172046,9.783333333333333,2.4458333333333333,2,2,1
base_iforest,fold3,3,recomputed,0.25,0.717053681612015,1.2043010752688172,0.7173905670642855,0.2731032126511738,0.2857142857142857,1.1612903225806452,0.39005472869842617,0.7855330152427309,23.25,1.1612903225806452,1.1612903225806452,0.17204301075268819,9.783333333333333,2.4458333333333333,2,2,1
base_pca,fold3,3,recomputed,0.25,6.918563604354864,2.4516129032258065,6.9185612201690745,0.25112261189359986,0.2857142857142857,2.4516129032258065,0.31400693043340167,0.7912730562315871,23.25,2.4516129032258065,2.4516129032258065,0.043010752688172046,9.783333333333333,2.4458333333333333,2,2,1
base_snd,fold3,3,recomputed,0.25,3.114544510841379,0.1290322580645161,3.1145437955856514,0.0,0.0,0.12903225806451613,0.21094246674215855,0.6277779556807993,23.25,0.12903225806451613,0.12903225806451613,0.08602150537634409,9.783333333333333,2.4458333333333333,2,2,1
ctrl_random,fold3,3,recomputed,0.25,3.185943484306337,0.1290322580645161,3.1859434843063372,0.0,0.0,0.12903225806451613,0.15367195149542462,0.4981667093633918,23.25,0.12903225806451613,0.12903225806451613,0.12903225806451613,9.783333333333333,2.4458333333333333,2,2,2
ctrl_untrained,fold3,3,recomputed,0.25,18.76157093048096,1.5913978494623655,18.81667804718019,0.07142857142857142,0.14285714285714285,1.5053763440860215,0.294559792964157,0.7490073011400025,23.25,1.5053763440860215,1.5053763440860215,0.08602150537634409,9.783333333333333,2.4458333333333333,2,2,2
base_california,fold3,4,recomputed,0.25,0.5206284224987157,0.1720430107526881,0.5206284224987157,0.0,0.0,0.17204301075268819,0.22022767468161186,0.638899785448956,23.25,0.17204301075268819,0.17204301075268819,0.043010752688172046,9.783333333333333,2.4458333333333333,2,2,1
base_iforest,fold3,4,recomputed,0.25,0.7151829302310946,1.4623655913978495,0.7160246074199677,0.13024606979403097,0.14285714285714285,1.5913978494623655,0.3411166442339671,0.774761432048162,23.25,1.5913978494623655,1.5913978494623655,0.12903225806451613,9.783333333333333,2.4458333333333333,2,2,2
base_pca,fold3,4,recomputed,0.25,6.918563604354864,2.4516129032258065,6.9185612201690745,0.25112261189359986,0.2857142857142857,2.4516129032258065,0.31400693043340167,0.7912730562315871,23.25,2.4516129032258065,2.4516129032258065,0.043010752688172046,9.783333333333333,2.4458333333333333,2,2,1
base_snd,fold3,4,recomputed,0.25,3.114544510841379,0.1290322580645161,3.1145437955856514,0.0,0.0,0.12903225806451613,0.21094246674215855,0.6277779556807993,23.25,0.12903225806451613,0.12903225806451613,0.08602150537634409,9.783333333333333,2.4458333333333333,2,2,1
ctrl_random,fold3,4,recomputed,0.25,3.132897257804871,0.086021505376344,3.132897257804871,0.0,0.0,0.08602150537634409,0.16224820631461134,0.5156550211348789,23.25,0.08602150537634409,0.08602150537634409,0.08602150537634409,9.783333333333333,2.4458333333333333,1,1,1
ctrl_untrained,fold3,4,recomputed,0.25,18.79093074798584,1.5483870967741935,18.917977333068855,0.07142857142857142,0.14285714285714285,1.5053763440860215,0.294148530873734,0.74896327014218,23.25,1.5053763440860215,1.5053763440860215,0.08602150537634409,9.783333333333333,2.4458333333333333,2,2,1
