config,label,block_mean_diff,block_ci_lo,block_ci_hi,block_p_value,block_n,fold_mean_diff,fold_ci_lo,fold_ci_hi,fold_p_value,fold_n,fold_n_positive,event_mean_diff
base_iforest,Isolation Forest,0.09917269340755673,0.05154734781395185,0.14700005036590647,0.0,20,0.09917269340755672,0.022010420068573594,0.17633496674653987,0.0,4,4,
base_snd,Standard Normal Deviate (AID),0.058588885086791366,-0.017980534449886093,0.13558432808116816,0.1324,20,0.058588885086791366,-0.09903019490468878,0.21679622338213347,0.512,4,2,
cand_gcngru_bigan,GCN+GRU (фикс. граф) + Критик BiGAN,0.049488721240607145,-0.009288483693562435,0.11202227363473455,0.0908,20,0.04948872124060715,-0.008891268669829009,0.1058038847223752,0.1206,4,3,
base_pca,PCA (линейная граница),0.0010411072653956827,-0.04696957162482546,0.043608795011615985,0.934,20,0.0010411072653956875,-0.1133994724271236,0.0736350329218257,0.8358,4,3,
cand_hypergraph_flow,Гиперграф+Bi-GLU + Плотность (flow),-0.00908090796615534,-0.08512261841530903,0.07186979292237652,0.8144,20,-0.009080907966155335,-0.1673535477595115,0.18805842354911728,0.8638,4,1,
ctrl_random,Случайный score (контроль),-0.010201609111196719,-0.06427381565907606,0.0519939955390162,0.706,20,-0.010201609111196708,-0.08735836122187554,0.06695514299948212,0.7728,4,2,
cand_gatlstm_recon,GAT+LSTM (обуч. внимание) + Реконструкция,-0.015219816571061862,-0.055878680856865426,0.0322608228770107,0.4788,20,-0.015219816571061856,-0.06768601381836423,0.04809917640746368,0.5564,4,1,
deep_transformer_contrastive,Transformer (без графа) + Контрастив,-0.04140868970204559,-0.0891857378471446,0.011860148519366849,0.1212,20,-0.04140868970204559,-0.13823906601803643,0.07240446519474805,0.4212,4,1,
cand_gcngru_physics,GCN+GRU (фикс. граф) + Невязка LWR,-0.05596939484292054,-0.08595655125894544,-0.028413594410209516,0.0,20,-0.05596939484292053,-0.1221563407726394,-0.007887866828054977,0.0088,4,0,
base_california,California алгоритм (AID),-0.058774569612206715,-0.13120420954283477,0.019705721422821038,0.1412,20,-0.058774569612206715,-0.20561232947584376,0.11791854688122914,0.5118,4,1,
ctrl_untrained,GCN+GRU (фикс. граф) + Реконструкция [необучен],-0.05911608312439787,-0.1137641539501209,-0.005765554883839902,0.0288,20,-0.05911608312439786,-0.16989804376155807,0.05166587751276234,0.339,4,2,
