label,group,pa_f1,honest_f1,ap,inflation
Случайный score (контроль),control,0.8641481633338464,0.1806053720714654,0.21676476129926922,4.784731226000872
California алгоритм (AID),baseline,0.8274500737077954,0.08570175438596492,0.2693346802311051,9.65499574234275
Standard Normal Deviate (AID),baseline,0.7798757259591272,0.22058846420490866,0.2729908564289805,3.5354329555270234
Isolation Forest,baseline,0.7383471846845244,0.24473020608595433,0.376354932047101,3.0169842803352256
GCN+GRU (фикс. граф) + Критик BiGAN,candidate,0.7268521291694925,0.13378259659573258,0.306287319901824,5.43308432983934
Гиперграф+Bi-GLU + Плотность (flow),candidate,0.6599944554922501,0.14238632629529183,0.34304323492520344,4.63523761490624
GCN+GRU (фикс. граф) + Невязка LWR,candidate,0.6548315823983937,0.04996998659158545,0.25497073317735486,13.104497860895206
PCA (линейная граница),control,0.6295881985330268,0.13117923097868014,0.3773507562879281,4.7994502928237965
GAT+LSTM (обуч. внимание) + Реконструкция,candidate,0.6204565106615982,0.07981853593930444,0.3383600564167477,7.7733386532347
GCN+GRU (фикс. граф) + Реконструкция,candidate,0.6013263308742253,0.12793905333488256,0.3632744819519281,4.700099892878242
GCN+GRU (фикс. граф) + Реконструкция [необучен],control,0.599925318892869,0.09175482698361809,0.36037788646535257,6.538351589938475
Transformer (без графа) + Контрастив,non_graph,0.5839732892372748,0.1024415719999409,0.2935547665232935,5.700549863073281
