config,dataset,seed,block,reduce,prevalence,n_events,padf,event_recall,median_delay_min,average_precision,alarms_per_hour
ctrl_random,fold0,0,fold0|s0,max,0.18566308243727597,8,0.11935520048880206,0.125,1.0,0.17987400554495164,0.12903225806451613
ctrl_untrained,fold0,0,fold0|s0,max,0.18566308243727597,8,0.75,0.75,-8.5,0.48814273933969127,5.376344086021505
base_pca,fold0,0,fold0|s0,max,0.18566308243727597,8,0.6088188204120155,0.625,-2.0,0.4540170141000258,5.505376344086022
base_california,fold0,0,fold0|s0,max,0.18566308243727597,8,0.3324692444233059,0.375,-2.0,0.24700615670564535,0.6881720430107527
base_snd,fold0,0,fold0|s0,max,0.18566308243727597,8,0.2656449474314214,0.375,11.0,0.2280204786201183,0.25806451612903225
base_iforest,fold0,0,fold0|s0,max,0.18566308243727597,8,0.5,0.5,-4.5,0.3521771040169558,3.5268817204301075
deep_transformer_contrastive,fold0,0,fold0|s0,max,0.18566308243727597,8,0.25,0.25,-1.5,0.234627288206768,9.161290322580646
cand_gcngru_recon,fold0,0,fold0|s0,max,0.18566308243727597,8,0.125,0.125,-2.0,0.4527323220848639,0.3870967741935484
cand_gatlstm_recon,fold0,0,fold0|s0,max,0.18566308243727597,8,0.4574692444233059,0.5,-8.5,0.3963256494433234,0.989247311827957
cand_gcngru_bigan,fold0,0,fold0|s0,max,0.18566308243727597,8,0.086369554997986,0.125,8.0,0.19499330394071335,0.0
cand_hypergraph_flow,fold0,0,fold0|s0,max,0.18566308243727597,8,0.5,0.5,-5.5,0.4273167509589415,2.881720430107527
cand_gcngru_physics,fold0,0,fold0|s0,max,0.18566308243727597,8,0.0,0.0,,0.1380025838908073,0.8172043010752689
ctrl_random,fold1,0,fold1|s0,max,0.22437275985663083,9,0.1111111111111111,0.1111111111111111,-2.0,0.22777686264633926,0.08602150537634409
ctrl_untrained,fold1,0,fold1|s0,max,0.22437275985663083,9,0.0,0.0,,0.2224571516037427,1.1612903225806452
base_pca,fold1,0,fold1|s0,max,0.22437275985663083,9,0.06381657527761304,0.1111111111111111,12.0,0.23986361678215762,1.8064516129032258
base_california,fold1,0,fold1|s0,max,0.22437275985663083,9,0.3137161085684926,0.3333333333333333,2.0,0.2598504240584637,3.3978494623655915
base_snd,fold1,0,fold1|s0,max,0.22437275985663083,9,0.3333333333333333,0.3333333333333333,-10.0,0.2927093773454512,0.6881720430107527
base_iforest,fold1,0,fold1|s0,max,0.22437275985663083,9,0.17794583533789537,0.2222222222222222,4.0,0.3325592358323762,0.989247311827957
deep_transformer_contrastive,fold1,0,fold1|s0,max,0.22437275985663083,9,0.16176236047545647,0.2222222222222222,1.0,0.22732171350963984,4.301075268817204
cand_gcngru_recon,fold1,0,fold1|s0,max,0.22437275985663083,9,0.3478559221611102,0.4444444444444444,6.0,0.3008319619097385,4.086021505376344
cand_gatlstm_recon,fold1,0,fold1|s0,max,0.22437275985663083,9,0.4458017073589537,0.5555555555555556,1.0,0.2624407108925596,7.78494623655914
cand_gcngru_bigan,fold1,0,fold1|s0,max,0.22437275985663083,9,0.2703056015759829,0.3333333333333333,4.0,0.31642100400675033,0.5591397849462365
cand_hypergraph_flow,fold1,0,fold1|s0,max,0.22437275985663083,9,0.16415786688391204,0.2222222222222222,4.5,0.23118384658881902,3.870967741935484
cand_gcngru_physics,fold1,0,fold1|s0,max,0.22437275985663083,9,0.14791532179364308,0.2222222222222222,9.5,0.25056162043120245,2.021505376344086
ctrl_random,fold2,0,fold2|s0,max,0.24587813620071686,11,0.0,0.0,,0.24018556049441142,0.17204301075268819
ctrl_untrained,fold2,0,fold2|s0,max,0.24587813620071686,11,0.09090909090909091,0.09090909090909091,-11.0,0.4126944777309538,0.043010752688172046
base_pca,fold2,0,fold2|s0,max,0.24587813620071686,11,0.22138866196800563,0.2727272727272727,-11.0,0.46545786412368695,0.43010752688172044
base_california,fold2,0,fold2|s0,max,0.24587813620071686,11,0.0,0.0,,0.30571127526989417,0.12903225806451613
base_snd,fold2,0,fold2|s0,max,0.24587813620071686,11,0.3952701241137575,0.45454545454545453,-5.0,0.3065473003249024,1.4193548387096775
base_iforest,fold2,0,fold2|s0,max,0.24587813620071686,11,0.3692929937102783,0.45454545454545453,1.0,0.4037329363893996,0.946236559139785
deep_transformer_contrastive,fold2,0,fold2|s0,max,0.24587813620071686,11,0.0,0.0,,0.36683428565341303,0.0
cand_gcngru_recon,fold2,0,fold2|s0,max,0.24587813620071686,11,0.0,0.0,,0.3957632521875174,0.0
cand_gatlstm_recon,fold2,0,fold2|s0,max,0.24587813620071686,11,0.09090909090909091,0.09090909090909091,-14.0,0.3549350846286113,0.34408602150537637
cand_gcngru_bigan,fold2,0,fold2|s0,max,0.24587813620071686,11,0.21157649423905553,0.2727272727272727,2.0,0.3958429389836422,0.17204301075268819
cand_hypergraph_flow,fold2,0,fold2|s0,max,0.24587813620071686,11,0.0,0.0,,0.4017738984020943,0.0
cand_gcngru_physics,fold2,0,fold2|s0,max,0.24587813620071686,11,0.0,0.0,,0.3255368027152036,0.0
ctrl_random,fold3,0,fold3|s0,max,0.15125448028673835,7,0.14285714285714285,0.14285714285714285,-4.0,0.1405825027781513,0.08602150537634409
ctrl_untrained,fold3,0,fold3|s0,max,0.15125448028673835,7,0.14285714285714285,0.14285714285714285,-10.0,0.29912374907519734,2.4946236559139785
base_pca,fold3,0,fold3|s0,max,0.15125448028673835,7,0.43665774548264247,0.5714285714285714,1.0,0.31400693043340167,3.053763440860215
base_california,fold3,0,fold3|s0,max,0.15125448028673835,7,0.0,0.0,,0.22022767468161186,0.0
base_snd,fold3,0,fold3|s0,max,0.15125448028673835,7,0.0,0.0,,0.21094246674215855,0.08602150537634409
base_iforest,fold3,0,fold3|s0,max,0.15125448028673835,7,0.19536910469104646,0.2857142857142857,9.5,0.38195213335225353,1.4193548387096775
deep_transformer_contrastive,fold3,0,fold3|s0,max,0.15125448028673835,7,0.08999436070677666,0.14285714285714285,10.0,0.2275177669377387,1.5053763440860215
cand_gcngru_recon,fold3,0,fold3|s0,max,0.15125448028673835,7,0.20505279285264716,0.2857142857142857,8.0,0.26510518155885193,2.967741935483871
cand_gatlstm_recon,fold3,0,fold3|s0,max,0.15125448028673835,7,0.11338578942629997,0.14285714285714285,5.0,0.26959652775018617,2.193548387096774
cand_gcngru_bigan,fold3,0,fold3|s0,max,0.15125448028673835,7,0.2857142857142857,0.2857142857142857,-5.0,0.17663885761554898,0.43010752688172044
cand_hypergraph_flow,fold3,0,fold3|s0,max,0.15125448028673835,7,0.14285714285714285,0.14285714285714285,-11.0,0.28894997619494256,2.4086021505376345
cand_gcngru_physics,fold3,0,fold3|s0,max,0.15125448028673835,7,0.130802706867342,0.2857142857142857,17.0,0.2649197643286568,0.989247311827957
ctrl_random,fold0,0,fold0|s0,q99,0.18566308243727597,8,0.0,0.0,,0.18232255187286076,0.043010752688172046
ctrl_untrained,fold0,0,fold0|s0,q99,0.18566308243727597,8,0.6734773510253295,0.75,-5.5,0.4982687647005077,4.903225806451613
base_pca,fold0,0,fold0|s0,q99,0.18566308243727597,8,0.625,0.625,-3.0,0.45093157992078803,4.043010752688172
base_california,fold0,0,fold0|s0,q99,0.18566308243727597,8,0.5787450656184296,0.625,-6.0,0.4154820468175772,0.25806451612903225
base_snd,fold0,0,fold0|s0,q99,0.18566308243727597,8,0.07518906475513229,0.125,11.0,0.19902845459514013,0.0
base_iforest,fold0,0,fold0|s0,q99,0.18566308243727597,8,0.6139653110697771,0.625,-7.0,0.3818120952482731,4.086021505376344
deep_transformer_contrastive,fold0,0,fold0|s0,q99,0.18566308243727597,8,0.7242125657480125,0.75,-8.0,0.46852020579005643,4.860215053763441
cand_gcngru_recon,fold0,0,fold0|s0,q99,0.18566308243727597,8,0.3018238823380096,0.375,7.0,0.5898184880594742,0.0
cand_gatlstm_recon,fold0,0,fold0|s0,q99,0.18566308243727597,8,0.4889653110697771,0.5,-2.5,0.5773283546019874,0.12903225806451613
cand_gcngru_bigan,fold0,0,fold0|s0,q99,0.18566308243727597,8,0.086369554997986,0.125,8.0,0.17600764521363566,0.17204301075268819
cand_hypergraph_flow,fold0,0,fold0|s0,q99,0.18566308243727597,8,0.4654543273400236,0.5,-6.0,0.5459530541851387,1.6344086021505377
cand_gcngru_physics,fold0,0,fold0|s0,q99,0.18566308243727597,8,0.0,0.0,,0.16403040993176965,0.34408602150537637
ctrl_random,fold1,0,fold1|s0,q99,0.22437275985663083,9,0.0,0.0,,0.23325470814621668,0.0
ctrl_untrained,fold1,0,fold1|s0,q99,0.22437275985663083,9,0.0,0.0,,0.23233125495632914,0.6451612903225806
base_pca,fold1,0,fold1|s0,q99,0.22437275985663083,9,0.05304675577280092,0.1111111111111111,16.0,0.26120136702325414,1.8064516129032258
base_california,fold1,0,fold1|s0,q99,0.22437275985663083,9,0.3742277448314019,0.4444444444444444,-4.0,0.2693029161956741,6.279569892473118
base_snd,fold1,0,fold1|s0,q99,0.22437275985663083,9,0.5411722848106805,0.5555555555555556,-11.0,0.3254856075622205,1.032258064516129
base_iforest,fold1,0,fold1|s0,q99,0.22437275985663083,9,0.1111111111111111,0.1111111111111111,-3.0,0.3224230766927171,1.1612903225806452
deep_transformer_contrastive,fold1,0,fold1|s0,q99,0.22437275985663083,9,0.3342560030420334,0.4444444444444444,6.5,0.23849844126366995,6.150537634408602
cand_gcngru_recon,fold1,0,fold1|s0,q99,0.22437275985663083,9,0.2860387974998353,0.3333333333333333,-15.0,0.2677482982878473,9.67741935483871
cand_gatlstm_recon,fold1,0,fold1|s0,q99,0.22437275985663083,9,0.328315733767824,0.3333333333333333,-15.0,0.2652632941176898,8.258064516129032
cand_gcngru_bigan,fold1,0,fold1|s0,q99,0.22437275985663083,9,0.24478055956467962,0.3333333333333333,11.0,0.3127404514455862,1.1612903225806452
cand_hypergraph_flow,fold1,0,fold1|s0,q99,0.22437275985663083,9,0.2719807020379833,0.4444444444444444,13.0,0.2505344866623508,5.419354838709677
cand_gcngru_physics,fold1,0,fold1|s0,q99,0.22437275985663083,9,0.2222222222222222,0.2222222222222222,-7.5,0.28438484307200196,0.6451612903225806
ctrl_random,fold2,0,fold2|s0,q99,0.24587813620071686,11,0.0,0.0,,0.23987425601278864,0.043010752688172046
ctrl_untrained,fold2,0,fold2|s0,q99,0.24587813620071686,11,0.09090909090909091,0.09090909090909091,-14.0,0.3835379087766202,0.08602150537634409
base_pca,fold2,0,fold2|s0,q99,0.24587813620071686,11,0.18181818181818182,0.18181818181818182,-15.0,0.4862364055292768,0.6021505376344086
base_california,fold2,0,fold2|s0,q99,0.24587813620071686,11,0.0,0.0,,0.37306496815489193,0.0
base_snd,fold2,0,fold2|s0,q99,0.24587813620071686,11,0.3084313544929818,0.36363636363636365,3.5,0.3223267430200925,0.4731182795698925
base_iforest,fold2,0,fold2|s0,q99,0.24587813620071686,11,0.26862196399185606,0.2727272727272727,-6.0,0.4120185792753931,1.89247311827957
deep_transformer_contrastive,fold2,0,fold2|s0,q99,0.24587813620071686,11,0.0,0.0,,0.3822302905903568,0.0
cand_gcngru_recon,fold2,0,fold2|s0,q99,0.24587813620071686,11,0.0,0.0,,0.3416057794532907,0.0
cand_gatlstm_recon,fold2,0,fold2|s0,q99,0.24587813620071686,11,0.0,0.0,,0.35138742954913244,0.08602150537634409
cand_gcngru_bigan,fold2,0,fold2|s0,q99,0.24587813620071686,11,0.09090909090909091,0.09090909090909091,-9.0,0.3651415079709414,0.34408602150537637
cand_hypergraph_flow,fold2,0,fold2|s0,q99,0.24587813620071686,11,0.09090909090909091,0.09090909090909091,-13.0,0.38875328099541423,0.0
cand_gcngru_physics,fold2,0,fold2|s0,q99,0.24587813620071686,11,0.0,0.0,,0.34431177084714065,0.12903225806451613
ctrl_random,fold3,0,fold3|s0,q99,0.15125448028673835,7,0.0,0.0,,0.13888527595917394,0.0
ctrl_untrained,fold3,0,fold3|s0,q99,0.15125448028673835,7,0.078344641406759,0.14285714285714285,13.0,0.25756662618325366,1.5483870967741935
base_pca,fold3,0,fold3|s0,q99,0.15125448028673835,7,0.26722150904230346,0.2857142857142857,-6.0,0.2900466525666111,2.4516129032258065
base_california,fold3,0,fold3|s0,q99,0.15125448028673835,7,0.20798017775415834,0.2857142857142857,5.5,0.26966700680638,0.7741935483870968
base_snd,fold3,0,fold3|s0,q99,0.15125448028673835,7,0.2562429322834428,0.2857142857142857,-3.0,0.20866856097298342,0.6451612903225806
base_iforest,fold3,0,fold3|s0,q99,0.15125448028673835,7,0.12436436618516059,0.14285714285714285,3.0,0.37616019810287743,0.946236559139785
deep_transformer_contrastive,fold3,0,fold3|s0,q99,0.15125448028673835,7,0.08999436070677666,0.14285714285714285,10.0,0.25135868345877055,2.838709677419355
cand_gcngru_recon,fold3,0,fold3|s0,q99,0.15125448028673835,7,0.09425056505520672,0.14285714285714285,9.0,0.2415681380820284,1.978494623655914
cand_gatlstm_recon,fold3,0,fold3|s0,q99,0.15125448028673835,7,0.108265469036457,0.14285714285714285,6.0,0.25766368639933285,2.6666666666666665
cand_gcngru_bigan,fold3,0,fold3|s0,q99,0.15125448028673835,7,0.12436436618516059,0.14285714285714285,3.0,0.16342791869692352,0.3870967741935484
cand_hypergraph_flow,fold3,0,fold3|s0,q99,0.15125448028673835,7,0.11874827087754111,0.14285714285714285,4.0,0.28101119888019765,2.3225806451612905
cand_gcngru_physics,fold3,0,fold3|s0,q99,0.15125448028673835,7,0.13024606979403097,0.14285714285714285,2.0,0.2425373305952307,1.3333333333333333
ctrl_random,fold0,0,fold0|s0,q95,0.18566308243727597,8,0.125,0.125,-5.0,0.19133652307888058,0.25806451612903225
ctrl_untrained,fold0,0,fold0|s0,q95,0.18566308243727597,8,0.5496062828740063,0.625,-10.0,0.5242070179680414,4.21505376344086
base_pca,fold0,0,fold0|s0,q95,0.18566308243727597,8,0.7197322854068999,0.75,-7.0,0.5405853629899673,5.032258064516129
base_california,fold0,0,fold0|s0,q95,0.18566308243727597,8,0.625,0.625,-10.0,0.5541461100963132,0.25806451612903225
base_snd,fold0,0,fold0|s0,q95,0.18566308243727597,8,0.0,0.0,,0.16258993701685764,0.5161290322580645
base_iforest,fold0,0,fold0|s0,q95,0.18566308243727597,8,0.375,0.375,-5.0,0.3962318668522346,1.4193548387096775
deep_transformer_contrastive,fold0,0,fold0|s0,q95,0.18566308243727597,8,0.5519523685089243,0.625,-8.0,0.4886374926110199,2.193548387096774
cand_gcngru_recon,fold0,0,fold0|s0,q95,0.18566308243727597,8,0.34921256574801246,0.375,0.0,0.591247827839286,0.0
cand_gatlstm_recon,fold0,0,fold0|s0,q95,0.18566308243727597,8,0.49435520048880205,0.5,-6.5,0.6268378551527047,0.0
cand_gcngru_bigan,fold0,0,fold0|s0,q95,0.18566308243727597,8,0.0,0.0,,0.15537274564493575,0.7311827956989247
cand_hypergraph_flow,fold0,0,fold0|s0,q95,0.18566308243727597,8,0.5787450656184296,0.625,-10.0,0.5429905474734609,1.5913978494623655
cand_gcngru_physics,fold0,0,fold0|s0,q95,0.18566308243727597,8,0.09921256574801247,0.125,5.0,0.24435234741929468,0.12903225806451613
ctrl_random,fold1,0,fold1|s0,q95,0.22437275985663083,9,0.24456171340837748,0.3333333333333333,7.0,0.22531665698691167,0.21505376344086022
ctrl_untrained,fold1,0,fold1|s0,q95,0.22437275985663083,9,0.27526897799502315,0.3333333333333333,-11.0,0.23642409146547932,8.86021505376344
base_pca,fold1,0,fold1|s0,q95,0.22437275985663083,9,0.08040384652446546,0.1111111111111111,7.0,0.2408371398173639,7.096774193548387
base_california,fold1,0,fold1|s0,q95,0.22437275985663083,9,0.39151634015670145,0.4444444444444444,-9.0,0.2697041755137685,9.763440860215054
base_snd,fold1,0,fold1|s0,q95,0.22437275985663083,9,0.2222222222222222,0.2222222222222222,-4.0,0.28099664733342905,0.25806451612903225
base_iforest,fold1,0,fold1|s0,q95,0.22437275985663083,9,0.1111111111111111,0.1111111111111111,-2.0,0.3129494008452089,2.3225806451612905
deep_transformer_contrastive,fold1,0,fold1|s0,q95,0.22437275985663083,9,0.4950956938087898,0.5555555555555556,-7.0,0.2453487165332198,9.161290322580646
cand_gcngru_recon,fold1,0,fold1|s0,q95,0.22437275985663083,9,0.29899515999820975,0.3333333333333333,-14.0,0.2646637084529495,8.301075268817204
cand_gatlstm_recon,fold1,0,fold1|s0,q95,0.22437275985663083,9,0.29899515999820975,0.3333333333333333,-15.0,0.26326718597386534,9.333333333333334
cand_gcngru_bigan,fold1,0,fold1|s0,q95,0.22437275985663083,9,0.37742780699911666,0.4444444444444444,-7.0,0.3057664770647745,1.4193548387096775
cand_hypergraph_flow,fold1,0,fold1|s0,q95,0.22437275985663083,9,0.20783895147734713,0.2222222222222222,1.5,0.26162667441502974,4.043010752688172
cand_gcngru_physics,fold1,0,fold1|s0,q95,0.22437275985663083,9,0.3333333333333333,0.3333333333333333,-12.0,0.2646963006610975,2.236559139784946
ctrl_random,fold2,0,fold2|s0,q95,0.24587813620071686,11,0.09090909090909091,0.09090909090909091,-12.0,0.23486311035757262,0.34408602150537637
ctrl_untrained,fold2,0,fold2|s0,q95,0.24587813620071686,11,0.0,0.0,,0.36797537496378074,0.3870967741935484
base_pca,fold2,0,fold2|s0,q95,0.24587813620071686,11,0.1385133692191194,0.18181818181818182,-0.5,0.42852900879713324,1.032258064516129
base_california,fold2,0,fold2|s0,q95,0.24587813620071686,11,0.0,0.0,,0.36867285516078463,0.0
base_snd,fold2,0,fold2|s0,q95,0.24587813620071686,11,0.153723312725808,0.18181818181818182,0.0,0.300791607282766,0.7311827956989247
base_iforest,fold2,0,fold2|s0,q95,0.24587813620071686,11,0.18181818181818182,0.18181818181818182,-9.0,0.4083294224330924,1.4623655913978495
deep_transformer_contrastive,fold2,0,fold2|s0,q95,0.24587813620071686,11,0.04340189108683712,0.09090909090909091,16.0,0.37663912595126214,0.0
cand_gcngru_recon,fold2,0,fold2|s0,q95,0.24587813620071686,11,0.0,0.0,,0.3481322493947751,0.0
cand_gatlstm_recon,fold2,0,fold2|s0,q95,0.24587813620071686,11,0.0,0.0,,0.34655685116391577,0.0
cand_gcngru_bigan,fold2,0,fold2|s0,q95,0.24587813620071686,11,0.11513756161734999,0.18181818181818182,11.0,0.3895341192656204,0.3010752688172043
cand_hypergraph_flow,fold2,0,fold2|s0,q95,0.24587813620071686,11,0.0,0.0,,0.3366865204300208,0.3010752688172043
cand_gcngru_physics,fold2,0,fold2|s0,q95,0.24587813620071686,11,0.0,0.0,,0.3406946525772443,0.12903225806451613
ctrl_random,fold3,0,fold3|s0,q95,0.15125448028673835,7,0.09870806285484114,0.14285714285714285,8.0,0.172323187092658,0.34408602150537637
ctrl_untrained,fold3,0,fold3|s0,q95,0.15125448028673835,7,0.0,0.0,,0.23204069613657385,1.032258064516129
base_pca,fold3,0,fold3|s0,q95,0.15125448028673835,7,0.2731032126511738,0.2857142857142857,-6.5,0.2645721738343954,2.4516129032258065
base_california,fold3,0,fold3|s0,q95,0.15125448028673835,7,0.21106011456502977,0.2857142857142857,4.0,0.3066167319909871,0.43010752688172044
base_snd,fold3,0,fold3|s0,q95,0.15125448028673835,7,0.0,0.0,,0.20303774287291543,0.5161290322580645
base_iforest,fold3,0,fold3|s0,q95,0.15125448028673835,7,0.11338578942629997,0.14285714285714285,5.0,0.347575630683019,0.8602150537634409
deep_transformer_contrastive,fold3,0,fold3|s0,q95,0.15125448028673835,7,0.108265469036457,0.14285714285714285,6.0,0.30161292270043494,1.4193548387096775
cand_gcngru_recon,fold3,0,fold3|s0,q95,0.15125448028673835,7,0.14285714285714285,0.14285714285714285,-9.0,0.23245746199488004,1.8494623655913978
cand_gatlstm_recon,fold3,0,fold3|s0,q95,0.15125448028673835,7,0.0820498824997882,0.14285714285714285,12.0,0.24499204466032667,1.3763440860215055
cand_gcngru_bigan,fold3,0,fold3|s0,q95,0.15125448028673835,7,0.13024606979403097,0.14285714285714285,2.0,0.16255570721309867,0.8602150537634409
cand_hypergraph_flow,fold3,0,fold3|s0,q95,0.15125448028673835,7,0.11874827087754111,0.14285714285714285,4.0,0.27176575952771465,2.10752688172043
cand_gcngru_physics,fold3,0,fold3|s0,q95,0.15125448028673835,7,0.14285714285714285,0.14285714285714285,0.0,0.2793784052453895,0.34408602150537637
ctrl_random,fold0,0,fold0|s0,mean,0.18566308243727597,8,0.09473228540689987,0.125,6.0,0.17634535434896803,0.6021505376344086
ctrl_untrained,fold0,0,fold0|s0,mean,0.18566308243727597,8,0.5,0.5,-7.5,0.6267354302893666,0.0
base_pca,fold0,0,fold0|s0,mean,0.18566308243727597,8,0.3324692444233059,0.375,-2.0,0.5522606513973549,1.4623655913978495
base_california,fold0,0,fold0|s0,mean,0.18566308243727597,8,0.625,0.625,-6.0,0.5555199120429022,0.0
base_snd,fold0,0,fold0|s0,mean,0.18566308243727597,8,0.0,0.0,,0.16377440892415746,0.08602150537634409
base_iforest,fold0,0,fold0|s0,mean,0.18566308243727597,8,0.0,0.0,,0.4807947630279859,0.0
deep_transformer_contrastive,fold0,0,fold0|s0,mean,0.18566308243727597,8,0.24435520048880205,0.25,-4.0,0.4308889647496158,0.6021505376344086
cand_gcngru_recon,fold0,0,fold0|s0,mean,0.18566308243727597,8,0.125,0.125,-3.0,0.577036367017742,0.0
cand_gatlstm_recon,fold0,0,fold0|s0,mean,0.18566308243727597,8,0.3285511058189154,0.375,3.0,0.6234616439351512,0.0
cand_gcngru_bigan,fold0,0,fold0|s0,mean,0.18566308243727597,8,0.0,0.0,,0.11576501051366381,0.3870967741935484
cand_hypergraph_flow,fold0,0,fold0|s0,mean,0.18566308243727597,8,0.5794196384098007,0.625,-2.0,0.5665916486384348,1.5913978494623655
cand_gcngru_physics,fold0,0,fold0|s0,mean,0.18566308243727597,8,0.0,0.0,,0.12715328093346162,1.7634408602150538
ctrl_random,fold1,0,fold1|s0,mean,0.22437275985663083,9,0.09672784036623601,0.1111111111111111,3.0,0.21874640442367982,0.6021505376344086
ctrl_untrained,fold1,0,fold1|s0,mean,0.22437275985663083,9,0.4701636714431662,0.5555555555555556,-5.0,0.23530672452025397,13.849462365591398
base_pca,fold1,0,fold1|s0,mean,0.22437275985663083,9,0.28040522904559034,0.3333333333333333,-1.0,0.24163665821328148,8.688172043010752
base_california,fold1,0,fold1|s0,mean,0.22437275985663083,9,0.4498236099830348,0.5555555555555556,-7.0,0.2650295948801161,13.376344086021506
base_snd,fold1,0,fold1|s0,mean,0.22437275985663083,9,0.1111111111111111,0.1111111111111111,-10.0,0.269665586431591,0.5591397849462365
base_iforest,fold1,0,fold1|s0,mean,0.22437275985663083,9,0.5555555555555556,0.5555555555555556,-15.0,0.24861158453409074,16.946236559139784
deep_transformer_contrastive,fold1,0,fold1|s0,mean,0.22437275985663083,9,0.6666666666666666,0.6666666666666666,-15.0,0.25288135471637385,15.526881720430108
cand_gcngru_recon,fold1,0,fold1|s0,mean,0.22437275985663083,9,0.518250121031136,0.5555555555555556,-3.0,0.2642665770276213,13.67741935483871
cand_gatlstm_recon,fold1,0,fold1|s0,mean,0.22437275985663083,9,0.4256930995714209,0.4444444444444444,-13.0,0.2634742052935121,13.67741935483871
cand_gcngru_bigan,fold1,0,fold1|s0,mean,0.22437275985663083,9,0.46482233519964006,0.5555555555555556,-13.0,0.2946509194095319,2.924731182795699
cand_hypergraph_flow,fold1,0,fold1|s0,mean,0.22437275985663083,9,0.40016805756011764,0.4444444444444444,-8.0,0.2555672373365495,10.10752688172043
cand_gcngru_physics,fold1,0,fold1|s0,mean,0.22437275985663083,9,0.0,0.0,,0.17282913100558359,0.0
ctrl_random,fold2,0,fold2|s0,mean,0.24587813620071686,11,0.21789547845382273,0.2727272727272727,0.0,0.23911286277378407,0.6021505376344086
ctrl_untrained,fold2,0,fold2|s0,mean,0.24587813620071686,11,0.0,0.0,,0.36135762064251137,0.0
base_pca,fold2,0,fold2|s0,mean,0.24587813620071686,11,0.13636363636363635,0.18181818181818182,0.0,0.4222651566261468,0.6881720430107527
base_california,fold2,0,fold2|s0,mean,0.24587813620071686,11,0.0,0.0,,0.37111848803155956,0.0
base_snd,fold2,0,fold2|s0,mean,0.24587813620071686,11,0.15088672321694974,0.18181818181818182,2.5,0.3135821776390997,0.043010752688172046
base_iforest,fold2,0,fold2|s0,mean,0.24587813620071686,11,0.09090909090909091,0.09090909090909091,-15.0,0.4029795807305351,0.25806451612903225
deep_transformer_contrastive,fold2,0,fold2|s0,mean,0.24587813620071686,11,0.0,0.0,,0.37289559165382824,0.43010752688172044
cand_gcngru_recon,fold2,0,fold2|s0,mean,0.24587813620071686,11,0.0,0.0,,0.34476227723152375,0.0
cand_gatlstm_recon,fold2,0,fold2|s0,mean,0.24587813620071686,11,0.0,0.0,,0.34819267874055637,0.0
cand_gcngru_bigan,fold2,0,fold2|s0,mean,0.24587813620071686,11,0.09090909090909091,0.09090909090909091,-8.0,0.39197997770693777,0.0
cand_hypergraph_flow,fold2,0,fold2|s0,mean,0.24587813620071686,11,0.0,0.0,,0.35575189125430284,0.3010752688172043
cand_gcngru_physics,fold2,0,fold2|s0,mean,0.24587813620071686,11,0.0,0.0,,0.20301405510717183,0.12903225806451613
ctrl_random,fold3,0,fold3|s0,mean,0.15125448028673835,7,0.20467863059769228,0.2857142857142857,7.5,0.15984801825987677,0.6021505376344086
ctrl_untrained,fold3,0,fold3|s0,mean,0.15125448028673835,7,0.09870806285484114,0.14285714285714285,8.0,0.2568003720064713,1.1612903225806452
base_pca,fold3,0,fold3|s0,mean,0.15125448028673835,7,0.2857142857142857,0.2857142857142857,-14.5,0.2594869318383256,2.924731182795699
base_california,fold3,0,fold3|s0,mean,0.15125448028673835,7,0.14285714285714285,0.14285714285714285,-14.0,0.3182954123374764,0.3870967741935484
base_snd,fold3,0,fold3|s0,mean,0.15125448028673835,7,0.0,0.0,,0.21621081392525865,0.34408602150537637
base_iforest,fold3,0,fold3|s0,mean,0.15125448028673835,7,0.14285714285714285,0.14285714285714285,-1.0,0.3165999077484692,0.9032258064516129
deep_transformer_contrastive,fold3,0,fold3|s0,mean,0.15125448028673835,7,0.108265469036457,0.14285714285714285,6.0,0.2704428782409405,1.2473118279569892
cand_gcngru_recon,fold3,0,fold3|s0,mean,0.15125448028673835,7,0.14285714285714285,0.14285714285714285,-12.0,0.2562080845640022,1.5913978494623655
cand_gatlstm_recon,fold3,0,fold3|s0,mean,0.15125448028673835,7,0.14285714285714285,0.14285714285714285,-12.0,0.2763184401148718,1.7204301075268817
cand_gcngru_bigan,fold3,0,fold3|s0,mean,0.15125448028673835,7,0.0,0.0,,0.11813156938990205,0.12903225806451613
cand_hypergraph_flow,fold3,0,fold3|s0,mean,0.15125448028673835,7,0.13640594341577378,0.14285714285714285,1.0,0.2757889349876184,1.8494623655913978
cand_gcngru_physics,fold3,0,fold3|s0,mean,0.15125448028673835,7,0.2857142857142857,0.2857142857142857,-8.0,0.13677185283216536,0.3870967741935484
