config,dataset,seed,block,reduce,prevalence,n_events,padf,event_recall,median_delay_min,average_precision,alarms_per_hour,lead_min,trail_min
ctrl_random,fold0,0,fold0|s0,q99,0.11971326164874552,8,0.0,0.0,,0.11764437581773131,0.043010752688172046,10.0,10.0
ctrl_untrained,fold0,0,fold0|s0,q99,0.11971326164874552,8,0.6734773510253295,0.75,-9.5,0.4316600234056103,6.150537634408602,10.0,10.0
base_pca,fold0,0,fold0|s0,q99,0.11971326164874552,8,0.5,0.5,-6.5,0.3706054786395258,4.860215053763441,10.0,10.0
base_california,fold0,0,fold0|s0,q99,0.11971326164874552,8,0.5787450656184296,0.625,-6.0,0.34740479549769065,0.5591397849462365,10.0,10.0
base_snd,fold0,0,fold0|s0,q99,0.11971326164874552,8,0.0,0.0,,0.13876477844655472,0.043010752688172046,10.0,10.0
base_iforest,fold0,0,fold0|s0,q99,0.11971326164874552,8,0.4889653110697771,0.5,-8.5,0.3301788558287145,4.473118279569892,10.0,10.0
deep_transformer_contrastive,fold0,0,fold0|s0,q99,0.11971326164874552,8,0.7242125657480125,0.75,-7.5,0.43198783418311626,5.763440860215054,10.0,10.0
cand_gcngru_recon,fold0,0,fold0|s0,q99,0.11971326164874552,8,0.3018238823380096,0.375,7.0,0.49962275158098823,0.17204301075268819,10.0,10.0
cand_gatlstm_recon,fold0,0,fold0|s0,q99,0.11971326164874552,8,0.4889653110697771,0.5,-6.5,0.5110200120875333,0.4731182795698925,10.0,10.0
cand_gcngru_bigan,fold0,0,fold0|s0,q99,0.11971326164874552,8,0.086369554997986,0.125,8.0,0.1271846275003166,0.17204301075268819,10.0,10.0
cand_hypergraph_flow,fold0,0,fold0|s0,q99,0.11971326164874552,8,0.4654543273400236,0.5,-10.0,0.49151263434537,2.150537634408602,10.0,10.0
cand_gcngru_physics,fold0,0,fold0|s0,q99,0.11971326164874552,8,0.0,0.0,,0.10834005356338924,0.34408602150537637,10.0,10.0
ctrl_random,fold1,0,fold1|s0,q99,0.13548387096774195,9,0.0,0.0,,0.15171280586452174,0.0,10.0,10.0
ctrl_untrained,fold1,0,fold1|s0,q99,0.13548387096774195,9,0.0,0.0,,0.1324753125116566,0.6451612903225806,10.0,10.0
base_pca,fold1,0,fold1|s0,q99,0.13548387096774195,9,0.0,0.0,,0.145841823942848,2.021505376344086,10.0,10.0
base_california,fold1,0,fold1|s0,q99,0.13548387096774195,9,0.31041116955378883,0.3333333333333333,-10.0,0.15686271414654215,7.096774193548387,10.0,10.0
base_snd,fold1,0,fold1|s0,q99,0.13548387096774195,9,0.41130982882654576,0.4444444444444444,1.5,0.2239508364642117,1.4623655913978495,10.0,10.0
base_iforest,fold1,0,fold1|s0,q99,0.13548387096774195,9,0.1111111111111111,0.1111111111111111,-3.0,0.22209701628853146,1.5913978494623655,10.0,10.0
deep_transformer_contrastive,fold1,0,fold1|s0,q99,0.13548387096774195,9,0.27607299621866527,0.3333333333333333,5.0,0.1356788779492157,7.096774193548387,10.0,10.0
cand_gcngru_recon,fold1,0,fold1|s0,q99,0.13548387096774195,9,0.2222222222222222,0.2222222222222222,-10.0,0.1560249638310575,11.182795698924732,10.0,10.0
cand_gatlstm_recon,fold1,0,fold1|s0,q99,0.13548387096774195,9,0.328315733767824,0.3333333333333333,-10.0,0.15697144947253389,9.03225806451613,10.0,10.0
cand_gcngru_bigan,fold1,0,fold1|s0,q99,0.13548387096774195,9,0.1111111111111111,0.1111111111111111,-10.0,0.17812588347006106,1.3333333333333333,10.0,10.0
cand_hypergraph_flow,fold1,0,fold1|s0,q99,0.13548387096774195,9,0.1817063452531562,0.2222222222222222,4.5,0.1463879081804654,5.763440860215054,10.0,10.0
cand_gcngru_physics,fold1,0,fold1|s0,q99,0.13548387096774195,9,0.1111111111111111,0.1111111111111111,-1.0,0.19757520764491768,0.6881720430107527,10.0,10.0
ctrl_random,fold2,0,fold2|s0,q99,0.15913978494623657,11,0.0,0.0,,0.15466160510517848,0.043010752688172046,10.0,10.0
ctrl_untrained,fold2,0,fold2|s0,q99,0.15913978494623657,11,0.09090909090909091,0.09090909090909091,-10.0,0.23959594792534608,0.25806451612903225,10.0,10.0
base_pca,fold2,0,fold2|s0,q99,0.15913978494623657,11,0.18181818181818182,0.18181818181818182,-10.0,0.29918090752377763,1.4623655913978495,10.0,10.0
base_california,fold2,0,fold2|s0,q99,0.15913978494623657,11,0.0,0.0,,0.25485789323098995,0.0,10.0,10.0
base_snd,fold2,0,fold2|s0,q99,0.15913978494623657,11,0.3084313544929818,0.36363636363636365,3.5,0.23355739246946744,0.4731182795698925,10.0,10.0
base_iforest,fold2,0,fold2|s0,q99,0.15913978494623657,11,0.26862196399185606,0.2727272727272727,-6.0,0.3110420811596709,2.150537634408602,10.0,10.0
deep_transformer_contrastive,fold2,0,fold2|s0,q99,0.15913978494623657,11,0.0,0.0,,0.2663565464246042,0.0,10.0,10.0
cand_gcngru_recon,fold2,0,fold2|s0,q99,0.15913978494623657,11,0.0,0.0,,0.22161558700627143,0.0,10.0,10.0
cand_gatlstm_recon,fold2,0,fold2|s0,q99,0.15913978494623657,11,0.0,0.0,,0.2296754583314442,0.08602150537634409,10.0,10.0
cand_gcngru_bigan,fold2,0,fold2|s0,q99,0.15913978494623657,11,0.09090909090909091,0.09090909090909091,-9.0,0.23194086270048925,0.6021505376344086,10.0,10.0
cand_hypergraph_flow,fold2,0,fold2|s0,q99,0.15913978494623657,11,0.0,0.0,,0.25236612170593775,0.08602150537634409,10.0,10.0
cand_gcngru_physics,fold2,0,fold2|s0,q99,0.15913978494623657,11,0.0,0.0,,0.22576302983343266,0.12903225806451613,10.0,10.0
ctrl_random,fold3,0,fold3|s0,q99,0.0974910394265233,7,0.0,0.0,,0.09113347983363049,0.0,10.0,10.0
ctrl_untrained,fold3,0,fold3|s0,q99,0.0974910394265233,7,0.0,0.0,,0.15212654442492826,1.89247311827957,10.0,10.0
base_pca,fold3,0,fold3|s0,q99,0.0974910394265233,7,0.26722150904230346,0.2857142857142857,-3.5,0.17562401683918183,3.096774193548387,10.0,10.0
base_california,fold3,0,fold3|s0,q99,0.0974910394265233,7,0.14285714285714285,0.14285714285714285,-6.0,0.15416222934741808,1.1612903225806452,10.0,10.0
base_snd,fold3,0,fold3|s0,q99,0.0974910394265233,7,0.11338578942629997,0.14285714285714285,5.0,0.14533301743486238,0.6881720430107527,10.0,10.0
base_iforest,fold3,0,fold3|s0,q99,0.0974910394265233,7,0.12436436618516059,0.14285714285714285,3.0,0.240142966727331,1.3763440860215055,10.0,10.0
deep_transformer_contrastive,fold3,0,fold3|s0,q99,0.0974910394265233,7,0.08999436070677666,0.14285714285714285,10.0,0.16865071165241483,3.2688172043010755,10.0,10.0
cand_gcngru_recon,fold3,0,fold3|s0,q99,0.0974910394265233,7,0.09425056505520672,0.14285714285714285,9.0,0.14631529442266275,2.4086021505376345,10.0,10.0
cand_gatlstm_recon,fold3,0,fold3|s0,q99,0.0974910394265233,7,0.108265469036457,0.14285714285714285,6.0,0.15803303224890955,3.096774193548387,10.0,10.0
cand_gcngru_bigan,fold3,0,fold3|s0,q99,0.0974910394265233,7,0.12436436618516059,0.14285714285714285,3.0,0.11116120371972033,0.3870967741935484,10.0,10.0
cand_hypergraph_flow,fold3,0,fold3|s0,q99,0.0974910394265233,7,0.11874827087754111,0.14285714285714285,4.0,0.17432726031769008,2.752688172043011,10.0,10.0
cand_gcngru_physics,fold3,0,fold3|s0,q99,0.0974910394265233,7,0.13024606979403097,0.14285714285714285,2.0,0.1459611282640889,1.5913978494623655,10.0,10.0
ctrl_random,fold0,0,fold0|s0,q99,0.18566308243727597,8,0.0,0.0,,0.18232255187286076,0.043010752688172046,15.0,20.0
ctrl_untrained,fold0,0,fold0|s0,q99,0.18566308243727597,8,0.6734773510253295,0.75,-5.5,0.4982687647005077,4.903225806451613,15.0,20.0
base_pca,fold0,0,fold0|s0,q99,0.18566308243727597,8,0.625,0.625,-3.0,0.45093157992078803,4.043010752688172,15.0,20.0
base_california,fold0,0,fold0|s0,q99,0.18566308243727597,8,0.5787450656184296,0.625,-6.0,0.4154820468175772,0.25806451612903225,15.0,20.0
base_snd,fold0,0,fold0|s0,q99,0.18566308243727597,8,0.07518906475513229,0.125,11.0,0.19902845459514013,0.0,15.0,20.0
base_iforest,fold0,0,fold0|s0,q99,0.18566308243727597,8,0.6139653110697771,0.625,-7.0,0.3818120952482731,4.086021505376344,15.0,20.0
deep_transformer_contrastive,fold0,0,fold0|s0,q99,0.18566308243727597,8,0.7242125657480125,0.75,-8.0,0.46852020579005643,4.860215053763441,15.0,20.0
cand_gcngru_recon,fold0,0,fold0|s0,q99,0.18566308243727597,8,0.3018238823380096,0.375,7.0,0.5898184880594742,0.0,15.0,20.0
cand_gatlstm_recon,fold0,0,fold0|s0,q99,0.18566308243727597,8,0.4889653110697771,0.5,-2.5,0.5773283546019874,0.12903225806451613,15.0,20.0
cand_gcngru_bigan,fold0,0,fold0|s0,q99,0.18566308243727597,8,0.086369554997986,0.125,8.0,0.17600764521363566,0.17204301075268819,15.0,20.0
cand_hypergraph_flow,fold0,0,fold0|s0,q99,0.18566308243727597,8,0.4654543273400236,0.5,-6.0,0.5459530541851387,1.6344086021505377,15.0,20.0
cand_gcngru_physics,fold0,0,fold0|s0,q99,0.18566308243727597,8,0.0,0.0,,0.16403040993176965,0.34408602150537637,15.0,20.0
ctrl_random,fold1,0,fold1|s0,q99,0.22437275985663083,9,0.0,0.0,,0.23325470814621668,0.0,15.0,20.0
ctrl_untrained,fold1,0,fold1|s0,q99,0.22437275985663083,9,0.0,0.0,,0.23233125495632914,0.6451612903225806,15.0,20.0
base_pca,fold1,0,fold1|s0,q99,0.22437275985663083,9,0.05304675577280092,0.1111111111111111,16.0,0.26120136702325414,1.8064516129032258,15.0,20.0
base_california,fold1,0,fold1|s0,q99,0.22437275985663083,9,0.3742277448314019,0.4444444444444444,-4.0,0.2693029161956741,6.279569892473118,15.0,20.0
base_snd,fold1,0,fold1|s0,q99,0.22437275985663083,9,0.5411722848106805,0.5555555555555556,-11.0,0.3254856075622205,1.032258064516129,15.0,20.0
base_iforest,fold1,0,fold1|s0,q99,0.22437275985663083,9,0.1111111111111111,0.1111111111111111,-3.0,0.3224230766927171,1.1612903225806452,15.0,20.0
deep_transformer_contrastive,fold1,0,fold1|s0,q99,0.22437275985663083,9,0.3342560030420334,0.4444444444444444,6.5,0.23849844126366995,6.150537634408602,15.0,20.0
cand_gcngru_recon,fold1,0,fold1|s0,q99,0.22437275985663083,9,0.2860387974998353,0.3333333333333333,-15.0,0.2677482982878473,9.67741935483871,15.0,20.0
cand_gatlstm_recon,fold1,0,fold1|s0,q99,0.22437275985663083,9,0.328315733767824,0.3333333333333333,-15.0,0.2652632941176898,8.258064516129032,15.0,20.0
cand_gcngru_bigan,fold1,0,fold1|s0,q99,0.22437275985663083,9,0.24478055956467962,0.3333333333333333,11.0,0.3127404514455862,1.1612903225806452,15.0,20.0
cand_hypergraph_flow,fold1,0,fold1|s0,q99,0.22437275985663083,9,0.2719807020379833,0.4444444444444444,13.0,0.2505344866623508,5.419354838709677,15.0,20.0
cand_gcngru_physics,fold1,0,fold1|s0,q99,0.22437275985663083,9,0.2222222222222222,0.2222222222222222,-7.5,0.28438484307200196,0.6451612903225806,15.0,20.0
ctrl_random,fold2,0,fold2|s0,q99,0.24587813620071686,11,0.0,0.0,,0.23987425601278864,0.043010752688172046,15.0,20.0
ctrl_untrained,fold2,0,fold2|s0,q99,0.24587813620071686,11,0.09090909090909091,0.09090909090909091,-14.0,0.3835379087766202,0.08602150537634409,15.0,20.0
base_pca,fold2,0,fold2|s0,q99,0.24587813620071686,11,0.18181818181818182,0.18181818181818182,-15.0,0.4862364055292768,0.6021505376344086,15.0,20.0
base_california,fold2,0,fold2|s0,q99,0.24587813620071686,11,0.0,0.0,,0.37306496815489193,0.0,15.0,20.0
base_snd,fold2,0,fold2|s0,q99,0.24587813620071686,11,0.3084313544929818,0.36363636363636365,3.5,0.3223267430200925,0.4731182795698925,15.0,20.0
base_iforest,fold2,0,fold2|s0,q99,0.24587813620071686,11,0.26862196399185606,0.2727272727272727,-6.0,0.4120185792753931,1.89247311827957,15.0,20.0
deep_transformer_contrastive,fold2,0,fold2|s0,q99,0.24587813620071686,11,0.0,0.0,,0.3822302905903568,0.0,15.0,20.0
cand_gcngru_recon,fold2,0,fold2|s0,q99,0.24587813620071686,11,0.0,0.0,,0.3416057794532907,0.0,15.0,20.0
cand_gatlstm_recon,fold2,0,fold2|s0,q99,0.24587813620071686,11,0.0,0.0,,0.35138742954913244,0.08602150537634409,15.0,20.0
cand_gcngru_bigan,fold2,0,fold2|s0,q99,0.24587813620071686,11,0.09090909090909091,0.09090909090909091,-9.0,0.3651415079709414,0.34408602150537637,15.0,20.0
cand_hypergraph_flow,fold2,0,fold2|s0,q99,0.24587813620071686,11,0.09090909090909091,0.09090909090909091,-13.0,0.38875328099541423,0.0,15.0,20.0
cand_gcngru_physics,fold2,0,fold2|s0,q99,0.24587813620071686,11,0.0,0.0,,0.34431177084714065,0.12903225806451613,15.0,20.0
ctrl_random,fold3,0,fold3|s0,q99,0.15125448028673835,7,0.0,0.0,,0.13888527595917394,0.0,15.0,20.0
ctrl_untrained,fold3,0,fold3|s0,q99,0.15125448028673835,7,0.078344641406759,0.14285714285714285,13.0,0.25756662618325366,1.5483870967741935,15.0,20.0
base_pca,fold3,0,fold3|s0,q99,0.15125448028673835,7,0.26722150904230346,0.2857142857142857,-6.0,0.2900466525666111,2.4516129032258065,15.0,20.0
base_california,fold3,0,fold3|s0,q99,0.15125448028673835,7,0.20798017775415834,0.2857142857142857,5.5,0.26966700680638,0.7741935483870968,15.0,20.0
base_snd,fold3,0,fold3|s0,q99,0.15125448028673835,7,0.2562429322834428,0.2857142857142857,-3.0,0.20866856097298342,0.6451612903225806,15.0,20.0
base_iforest,fold3,0,fold3|s0,q99,0.15125448028673835,7,0.12436436618516059,0.14285714285714285,3.0,0.37616019810287743,0.946236559139785,15.0,20.0
deep_transformer_contrastive,fold3,0,fold3|s0,q99,0.15125448028673835,7,0.08999436070677666,0.14285714285714285,10.0,0.25135868345877055,2.838709677419355,15.0,20.0
cand_gcngru_recon,fold3,0,fold3|s0,q99,0.15125448028673835,7,0.09425056505520672,0.14285714285714285,9.0,0.2415681380820284,1.978494623655914,15.0,20.0
cand_gatlstm_recon,fold3,0,fold3|s0,q99,0.15125448028673835,7,0.108265469036457,0.14285714285714285,6.0,0.25766368639933285,2.6666666666666665,15.0,20.0
cand_gcngru_bigan,fold3,0,fold3|s0,q99,0.15125448028673835,7,0.12436436618516059,0.14285714285714285,3.0,0.16342791869692352,0.3870967741935484,15.0,20.0
cand_hypergraph_flow,fold3,0,fold3|s0,q99,0.15125448028673835,7,0.11874827087754111,0.14285714285714285,4.0,0.28101119888019765,2.3225806451612905,15.0,20.0
cand_gcngru_physics,fold3,0,fold3|s0,q99,0.15125448028673835,7,0.13024606979403097,0.14285714285714285,2.0,0.2425373305952307,1.3333333333333333,15.0,20.0
ctrl_random,fold0,0,fold0|s0,q99,0.24731182795698925,8,0.0,0.0,,0.2512867977953049,0.043010752688172046,20.0,30.0
ctrl_untrained,fold0,0,fold0|s0,q99,0.24731182795698925,8,0.6348469060233155,0.75,3.0,0.5305761174149433,4.301075268817204,20.0,30.0
base_pca,fold0,0,fold0|s0,q99,0.24731182795698925,8,0.5863695549979859,0.625,0.0,0.5028912775017194,3.3978494623655915,20.0,30.0
base_california,fold0,0,fold0|s0,q99,0.24731182795698925,8,0.4151146206164156,0.5,1.0,0.45172501915024965,0.25806451612903225,20.0,30.0
base_snd,fold0,0,fold0|s0,q99,0.24731182795698925,8,0.07518906475513229,0.125,11.0,0.2482504154864633,0.0,20.0,30.0
base_iforest,fold0,0,fold0|s0,q99,0.24731182795698925,8,0.5495474318157756,0.625,2.0,0.41206490331898005,3.956989247311828,20.0,30.0
deep_transformer_contrastive,fold0,0,fold0|s0,q99,0.24731182795698925,8,0.6855821207459984,0.75,-8.0,0.491844950095351,4.258064516129032,20.0,30.0
cand_gcngru_recon,fold0,0,fold0|s0,q99,0.24731182795698925,8,0.3018238823380096,0.375,7.0,0.5892719469063352,0.0,20.0,30.0
cand_gatlstm_recon,fold0,0,fold0|s0,q99,0.24731182795698925,8,0.4503348660677631,0.5,-0.5,0.586038903379142,0.043010752688172046,20.0,30.0
cand_gcngru_bigan,fold0,0,fold0|s0,q99,0.24731182795698925,8,0.086369554997986,0.125,8.0,0.24907918856306646,0.17204301075268819,20.0,30.0
cand_hypergraph_flow,fold0,0,fold0|s0,q99,0.24731182795698925,8,0.4741900250414596,0.625,7.0,0.5510762905903921,1.4193548387096775,20.0,30.0
cand_gcngru_physics,fold0,0,fold0|s0,q99,0.24731182795698925,8,0.0,0.0,,0.21622139382934188,0.34408602150537637,20.0,30.0
ctrl_random,fold1,0,fold1|s0,q99,0.2967741935483871,9,0.0,0.0,,0.30775230950166665,0.0,20.0,30.0
ctrl_untrained,fold1,0,fold1|s0,q99,0.2967741935483871,9,0.0,0.0,,0.31394907021602025,0.6451612903225806,20.0,30.0
base_pca,fold1,0,fold1|s0,q99,0.2967741935483871,9,0.05304675577280092,0.1111111111111111,16.0,0.35863361488346507,1.3763440860215055,20.0,30.0
base_california,fold1,0,fold1|s0,q99,0.2967741935483871,9,0.4126142137193957,0.5555555555555556,5.0,0.35561212950714705,5.720430107526882,20.0,30.0
base_snd,fold1,0,fold1|s0,q99,0.2967741935483871,9,0.5813742080729132,0.6666666666666666,-5.5,0.3865437130759436,0.989247311827957,20.0,30.0
base_iforest,fold1,0,fold1|s0,q99,0.2967741935483871,9,0.1111111111111111,0.1111111111111111,-3.0,0.40294348789917245,0.989247311827957,20.0,30.0
deep_transformer_contrastive,fold1,0,fold1|s0,q99,0.2967741935483871,9,0.3342560030420334,0.4444444444444444,6.5,0.3346230710135607,5.290322580645161,20.0,30.0
cand_gcngru_recon,fold1,0,fold1|s0,q99,0.2967741935483871,9,0.3165061580469082,0.4444444444444444,-1.5,0.353398589961143,8.602150537634408,20.0,30.0
cand_gatlstm_recon,fold1,0,fold1|s0,q99,0.2967741935483871,9,0.3954360918363663,0.5555555555555556,1.0,0.3551476078417156,7.56989247311828,20.0,30.0
cand_gcngru_bigan,fold1,0,fold1|s0,q99,0.2967741935483871,9,0.35589167067579075,0.4444444444444444,0.5,0.4050142889618996,1.032258064516129,20.0,30.0
cand_hypergraph_flow,fold1,0,fold1|s0,q99,0.2967741935483871,9,0.2719807020379833,0.4444444444444444,13.0,0.33539178394699204,5.161290322580645,20.0,30.0
cand_gcngru_physics,fold1,0,fold1|s0,q99,0.2967741935483871,9,0.2222222222222222,0.2222222222222222,-10.5,0.3572745781540899,0.5161290322580645,20.0,30.0
ctrl_random,fold2,0,fold2|s0,q99,0.3103942652329749,11,0.0,0.0,,0.30454061009215116,0.043010752688172046,20.0,30.0
ctrl_untrained,fold2,0,fold2|s0,q99,0.3103942652329749,11,0.09090909090909091,0.09090909090909091,-14.0,0.4908230882906673,0.08602150537634409,20.0,30.0
base_pca,fold2,0,fold2|s0,q99,0.3103942652329749,11,0.20792496261356896,0.2727272727272727,-19.0,0.6195124563296257,0.0,20.0,30.0
base_california,fold2,0,fold2|s0,q99,0.3103942652329749,11,0.0,0.0,,0.47868923386534235,0.0,20.0,30.0
base_snd,fold2,0,fold2|s0,q99,0.3103942652329749,11,0.3084313544929818,0.36363636363636365,3.5,0.37652465140929936,0.4731182795698925,20.0,30.0
base_iforest,fold2,0,fold2|s0,q99,0.3103942652329749,11,0.23172710176858322,0.36363636363636365,12.5,0.4993330443597249,1.2903225806451613,20.0,30.0
deep_transformer_contrastive,fold2,0,fold2|s0,q99,0.3103942652329749,11,0.0,0.0,,0.47736495544251134,0.0,20.0,30.0
cand_gcngru_recon,fold2,0,fold2|s0,q99,0.3103942652329749,11,0.0,0.0,,0.43849725206317414,0.0,20.0,30.0
cand_gatlstm_recon,fold2,0,fold2|s0,q99,0.3103942652329749,11,0.02863456931579257,0.09090909090909091,25.0,0.45173360887529046,0.0,20.0,30.0
cand_gcngru_bigan,fold2,0,fold2|s0,q99,0.3103942652329749,11,0.12231620181744945,0.18181818181818182,3.0,0.515646139676324,0.0,20.0,30.0
cand_hypergraph_flow,fold2,0,fold2|s0,q99,0.3103942652329749,11,0.09090909090909091,0.09090909090909091,-13.0,0.4986162348980634,0.0,20.0,30.0
cand_gcngru_physics,fold2,0,fold2|s0,q99,0.3103942652329749,11,0.023802139155014244,0.09090909090909091,29.0,0.4365259231900849,0.043010752688172046,20.0,30.0
ctrl_random,fold3,0,fold3|s0,q99,0.2050179211469534,7,0.0,0.0,,0.19874065924608866,0.0,20.0,30.0
ctrl_untrained,fold3,0,fold3|s0,q99,0.2050179211469534,7,0.078344641406759,0.14285714285714285,13.0,0.39253629804323975,1.118279569892473,20.0,30.0
base_pca,fold3,0,fold3|s0,q99,0.2050179211469534,7,0.26722150904230346,0.2857142857142857,-8.5,0.43652626487520885,1.8064516129032258,20.0,30.0
base_california,fold3,0,fold3|s0,q99,0.2050179211469534,7,0.20798017775415834,0.2857142857142857,5.5,0.3808889167897422,0.4731182795698925,20.0,30.0
base_snd,fold3,0,fold3|s0,q99,0.2050179211469534,7,0.2562429322834428,0.2857142857142857,-3.0,0.25918057798077365,0.6451612903225806,20.0,30.0
base_iforest,fold3,0,fold3|s0,q99,0.2050179211469534,7,0.12436436618516059,0.14285714285714285,3.0,0.44800230681536984,0.6451612903225806,20.0,30.0
deep_transformer_contrastive,fold3,0,fold3|s0,q99,0.2050179211469534,7,0.08999436070677666,0.14285714285714285,10.0,0.3497067759988649,2.4086021505376345,20.0,30.0
cand_gcngru_recon,fold3,0,fold3|s0,q99,0.2050179211469534,7,0.14838329957343524,0.2857142857142857,15.0,0.36660879596415386,1.4193548387096775,20.0,30.0
cand_gatlstm_recon,fold3,0,fold3|s0,q99,0.2050179211469534,7,0.108265469036457,0.14285714285714285,6.0,0.37559204873864127,2.236559139784946,20.0,30.0
cand_gcngru_bigan,fold3,0,fold3|s0,q99,0.2050179211469534,7,0.12436436618516059,0.14285714285714285,3.0,0.20421247622573005,0.3870967741935484,20.0,30.0
cand_hypergraph_flow,fold3,0,fold3|s0,q99,0.2050179211469534,7,0.14285714285714285,0.14285714285714285,-20.0,0.404617811563298,1.8494623655913978,20.0,30.0
cand_gcngru_physics,fold3,0,fold3|s0,q99,0.2050179211469534,7,0.17857142857142858,0.2857142857142857,5.0,0.397128843474746,0.7311827956989247,20.0,30.0
