label,group,q,c,params,n_timed,n_runs,g3
California алгоритм (AID),baseline,0.07177008494076255,0.00933252329755349,3.0,20,20,Контроли и бейзлайны
GAT+LSTM (обуч. внимание) + Реконструкция,candidate,0.1153248379819074,0.48433750298771594,152728.0,6,20,Кандидаты
GCN+GRU (фикс. граф) + Критик BiGAN,candidate,0.18003337579357642,0.0872574193549026,150391.0,6,20,Кандидаты
GCN+GRU (фикс. граф) + Невязка LWR,candidate,0.07457525971004872,0.1764707168463501,153068.0,6,20,Кандидаты
GCN+GRU (фикс. граф) + Реконструкция,candidate,0.13054465455296926,0.17581294623589955,144516.0,5,20,Кандидаты
GCN+GRU (фикс. граф) + Реконструкция [необучен],control,0.0714285714285714,0.27184917204269565,144516.0,20,20,Контроли и бейзлайны
Isolation Forest,baseline,0.22971734796052598,1.5680527204298622,150.0,20,20,Контроли и бейзлайны
PCA (линейная граница),control,0.13158576181836495,0.08889526523365744,1204224.0,20,20,Контроли и бейзлайны
Standard Normal Deviate (AID),baseline,0.18913353963976062,0.03333731541122384,3.0,20,20,Контроли и бейзлайны
Transformer (без графа) + Контрастив,non_graph,0.08913596485092368,0.1564983799283753,159840.0,5,20,Без графа
Гиперграф+Bi-GLU + Плотность (flow),candidate,0.12146374658681391,0.08305385901965139,154440.0,6,20,Кандидаты
Случайный score (контроль),control,0.12034304544177254,0.002410318995583885,0.0,20,20,Контроли и бейзлайны
