component,dataset,seed,block,padf,event_recall,median_delay_min,average_precision,alarms_per_hour
cycle,fold0,0,fold0|s0,0.086369554997986,0.125,8.0,0.23409558764731125,0.0
critic,fold0,0,fold0|s0,0.0,0.0,,0.18416274225201731,0.5396565821749796
combined,fold0,0,fold0|s0,0.086369554997986,0.125,8.0,0.23159593776785972,0.0
cycle,fold0,1,fold0|s1,0.3588188204120155,0.375,-9.0,0.2437699641633738,0.7358953393295176
critic,fold0,1,fold0|s1,0.8057291819299564,0.875,-2.0,0.5198178748364541,1.6189697465249386
combined,fold0,1,fold0|s1,0.6139653110697771,0.625,-9.0,0.2838709613234475,0.9321340964840557
cycle,fold0,2,fold0|s2,0.125,0.125,-9.0,0.4823731952403866,0.1471790678659035
critic,fold0,2,fold0|s2,0.0,0.0,,0.2601211709866842,1.2264922322158627
combined,fold0,2,fold0|s2,0.125,0.125,-9.0,0.47999098227129255,0.1471790678659035
cycle,fold0,3,fold0|s3,0.10881882041201552,0.125,3.0,0.36169289983058417,0.39247751430907607
critic,fold0,3,fold0|s3,0.0,0.0,,0.2456494018918262,0.5396565821749796
combined,fold0,3,fold0|s3,0.10881882041201552,0.125,3.0,0.3546686957277616,0.39247751430907607
cycle,fold0,4,fold0|s4,0.5685515612309141,0.625,-6.0,0.5155246067948863,0.294358135731807
critic,fold0,4,fold0|s4,0.43198265553488857,0.5,-6.0,0.5567185124038236,0.09811937857726902
combined,fold0,4,fold0|s4,0.5685515612309141,0.625,-6.0,0.5173594545224082,0.34341782502044155
cycle,fold1,0,fold1|s0,0.2703056015759829,0.3333333333333333,4.0,0.31486816448243815,0.9032258064516129
critic,fold1,0,fold1|s0,0.1111111111111111,0.1111111111111111,-3.0,0.3238969324122678,0.4731182795698925
combined,fold1,0,fold1|s0,0.2703056015759829,0.3333333333333333,4.0,0.31642100400675033,0.7311827956989247
cycle,fold1,1,fold1|s1,0.1111111111111111,0.1111111111111111,-15.0,0.173142862738598,0.34408602150537637
critic,fold1,1,fold1|s1,0.0,0.0,,0.15774524275155521,0.0
combined,fold1,1,fold1|s1,0.1111111111111111,0.1111111111111111,-15.0,0.17063384544374313,0.3010752688172043
cycle,fold1,2,fold1|s2,0.16666666666666666,0.2222222222222222,4.5,0.2492945140409027,0.7311827956989247
critic,fold1,2,fold1|s2,0.16666666666666666,0.2222222222222222,4.5,0.2643457314185519,0.5591397849462365
combined,fold1,2,fold1|s2,0.16666666666666666,0.2222222222222222,4.5,0.2504021048516649,0.7311827956989247
cycle,fold1,3,fold1|s3,0.29899515999820975,0.3333333333333333,-1.0,0.19295273722730802,0.6451612903225806
critic,fold1,3,fold1|s3,0.3839845826976787,0.4444444444444444,-12.0,0.28932129363209313,0.989247311827957
combined,fold1,3,fold1|s3,0.29552821726516076,0.3333333333333333,-6.0,0.21037578964769313,0.6881720430107527
cycle,fold1,4,fold1|s4,0.15104120014402858,0.2222222222222222,8.5,0.26833414155882734,1.6774193548387097
critic,fold1,4,fold1|s4,0.0,0.0,,0.2748083854161182,0.3010752688172043
combined,fold1,4,fold1|s4,0.15104120014402858,0.2222222222222222,8.5,0.2707516528969922,1.6774193548387097
cycle,fold2,0,fold2|s0,0.17379295350529242,0.18181818181818182,-6.5,0.403392277046545,0.04615384615384615
critic,fold2,0,fold2|s0,0.09090909090909091,0.09090909090909091,-12.0,0.39250259681870636,0.3692307692307692
combined,fold2,0,fold2|s0,0.17379295350529242,0.18181818181818182,-6.5,0.40309177622816456,0.04615384615384615
cycle,fold2,1,fold2|s1,0.0,0.0,,0.35254114618416216,0.0
critic,fold2,1,fold2|s1,0.0,0.0,,0.22192578219624748,0.1846153846153846
combined,fold2,1,fold2|s1,0.0,0.0,,0.23122550742754427,0.0
cycle,fold2,2,fold2|s2,0.045454545454545456,0.09090909090909091,15.0,0.3517317447768262,0.23076923076923075
critic,fold2,2,fold2|s2,0.049855680895210266,0.09090909090909091,13.0,0.32230803220183624,0.13846153846153844
combined,fold2,2,fold2|s2,0.045454545454545456,0.09090909090909091,15.0,0.3505909378829472,0.32307692307692304
cycle,fold2,3,fold2|s3,0.3558719144276434,0.45454545454545453,7.0,0.407814386955871,1.1538461538461537
critic,fold2,3,fold2|s3,0.23874833833017728,0.36363636363636365,11.5,0.4272365998774702,1.1076923076923075
combined,fold2,3,fold2|s3,0.3558719144276434,0.45454545454545453,7.0,0.4060627596009858,1.2923076923076922
cycle,fold2,4,fold2|s4,0.1566940562472899,0.18181818181818182,1.0,0.41735786071560804,0.04615384615384615
critic,fold2,4,fold2|s4,0.1566940562472899,0.18181818181818182,-1.0,0.4159302377337184,0.1846153846153846
combined,fold2,4,fold2|s4,0.1566940562472899,0.18181818181818182,1.0,0.41757023144966576,0.04615384615384615
cycle,fold3,0,fold3|s0,0.2857142857142857,0.2857142857142857,-5.0,0.17740487820227413,0.43010752688172044
critic,fold3,0,fold3|s0,0.26722150904230346,0.2857142857142857,-1.0,0.16967895237684916,0.3870967741935484
combined,fold3,0,fold3|s0,0.2857142857142857,0.2857142857142857,-5.0,0.17667953572556397,0.43010752688172044
cycle,fold3,1,fold3|s1,0.09425056505520672,0.14285714285714285,9.0,0.1706629907922237,0.17204301075268819
critic,fold3,1,fold3|s1,0.2896196697462532,0.42857142857142855,9.0,0.4995393938567848,0.0
combined,fold3,1,fold3|s1,0.16567913648377816,0.2857142857142857,12.0,0.21602116870163196,0.08602150537634409
cycle,fold3,2,fold3|s2,0.11338578942629997,0.14285714285714285,5.0,0.18289951201259044,1.4623655913978495
critic,fold3,2,fold3|s2,0.14285714285714285,0.14285714285714285,-11.0,0.25050747446209165,0.043010752688172046
combined,fold3,2,fold3|s2,0.11338578942629997,0.14285714285714285,5.0,0.20601590997567512,1.2473118279569892
cycle,fold3,3,fold3|s3,0.11874827087754111,0.14285714285714285,4.0,0.24612174675508144,0.7311827956989247
critic,fold3,3,fold3|s3,0.07142857142857142,0.14285714285714285,15.0,0.12820698930229463,0.7741935483870968
combined,fold3,3,fold3|s3,0.11874827087754111,0.14285714285714285,4.0,0.22815185338515276,1.1612903225806452
cycle,fold3,4,fold3|s4,0.3310442231713603,0.42857142857142855,4.0,0.3924818194398938,0.12903225806451613
critic,fold3,4,fold3|s4,0.14285714285714285,0.14285714285714285,-1.0,0.21384230234102639,0.25806451612903225
combined,fold3,4,fold3|s4,0.3310442231713603,0.42857142857142855,4.0,0.40413935794627714,0.12903225806451613
