threshold,alarm_budget_per_hour,fpr_observed,persistence,event_recall,n_events,n_detected,median_delay_min,mean_delay_min,p90_delay_min,earlier_than_report_share,padf,alarms_per_hour,config,label,dataset,seed
3.0241369009017953,0.25,0.008264462809917356,3,0.07142857142857142,14,1,16.0,16.0,16.0,0.0,0.03410148585394345,0.17167381974248927,ctrl_random,Случайный score (контроль),fold0,0
2.9277266263961796,0.5,0.022727272727272728,3,0.21428571428571427,14,3,16.0,11.333333333333334,17.6,0.0,0.13662114882880502,0.4721030042918455,ctrl_random,Случайный score (контроль),fold0,0
2.852437138557436,1.0,0.04338842975206612,3,0.35714285714285715,14,5,0.0,6.0,17.2,0.2,0.2794782916859479,0.9012875536480687,ctrl_random,Случайный score (контроль),fold0,0
2.745588183403017,2.0,0.09504132231404959,3,0.6428571428571429,14,9,0.0,2.0,14.4,0.3333333333333333,0.5330190203182675,1.9742489270386265,ctrl_random,Случайный score (контроль),fold0,0
2.5657848119735727,5.0,0.2396694214876033,3,1.0,14,14,-6.0,-3.5714285714285716,10.0,0.7857142857142857,0.9040550937776375,4.978540772532189,ctrl_random,Случайный score (контроль),fold0,0
2.4146732091903687,10.0,0.4793388429752066,3,1.0,14,14,-10.0,-6.428571428571429,9.400000000000002,0.7857142857142857,0.9210904387449886,9.957081545064378,ctrl_random,Случайный score (контроль),fold0,0
1.9785625338554387,20.0,0.9586776859504132,3,1.0,14,14,-14.0,-9.571428571428571,5.000000000000011,0.8571428571428571,0.9514940689236661,19.914163090128756,ctrl_random,Случайный score (контроль),fold0,0
16.68994617462159,0.25,0.010330578512396695,3,0.14285714285714285,14,2,1.0,1.0,3.4000000000000004,0.5,0.130802706867342,0.2145922746781116,ctrl_untrained,GCN+GRU (фикс. граф) + Реконструкция [необучен],fold0,0
14.994792461395274,0.5,0.022727272727272728,3,0.14285714285714285,14,2,-8.0,-8.0,-3.1999999999999997,1.0,0.14285714285714285,0.4721030042918455,ctrl_untrained,GCN+GRU (фикс. граф) + Реконструкция [необучен],fold0,0
10.815356731414806,1.0,0.047520661157024795,3,0.2857142857142857,14,4,2.0,0.5,10.200000000000001,0.5,0.23801481862526547,0.9871244635193133,ctrl_untrained,GCN+GRU (фикс. граф) + Реконструкция [необучен],fold0,0
9.200720310211185,2.0,0.09504132231404959,3,0.5714285714285714,14,8,-4.0,-4.5,5.799999999999999,0.75,0.5329427443635875,1.9742489270386265,ctrl_untrained,GCN+GRU (фикс. граф) + Реконструкция [необучен],fold0,0
7.084117174148571,5.0,0.2396694214876033,3,0.7142857142857143,14,10,-9.0,-5.2,10.799999999999997,0.8,0.64751684332825,4.978540772532189,ctrl_untrained,GCN+GRU (фикс. граф) + Реконструкция [необучен],fold0,0
4.248826742172248,10.0,0.48140495867768596,3,0.7857142857142857,14,11,-14.0,-10.363636363636363,-2.0,0.9090909090909091,0.7592828946391025,10.0,ctrl_untrained,GCN+GRU (фикс. граф) + Реконструкция [необучен],fold0,0
2.069349408149736,20.0,0.9607438016528925,3,1.0,14,14,-14.0,-8.714285714285714,5.000000000000011,0.8571428571428571,0.9514940689236661,19.957081545064376,ctrl_untrained,GCN+GRU (фикс. граф) + Реконструкция [необучен],fold0,0
3.220371127128603,0.25,0.010330578512396695,3,0.14285714285714285,14,2,-8.0,-8.0,-3.1999999999999997,1.0,0.14285714285714285,0.2145922746781116,base_pca,PCA (линейная граница),fold0,0
3.0503202676773102,0.5,0.022727272727272728,3,0.14285714285714285,14,2,-8.0,-8.0,-3.1999999999999997,1.0,0.14285714285714285,0.4721030042918455,base_pca,PCA (линейная граница),fold0,0
2.393864274024967,1.0,0.045454545454545456,3,0.21428571428571427,14,3,-2.0,-1.3333333333333333,9.200000000000001,0.6666666666666666,0.18388208410703696,0.944206008583691,base_pca,PCA (линейная граница),fold0,0
1.4776601195335424,2.0,0.09504132231404959,3,0.42857142857142855,14,6,8.0,5.0,15.0,0.3333333333333333,0.31410309052494395,1.9742489270386265,base_pca,PCA (линейная граница),fold0,0
0.8636340200901075,5.0,0.2396694214876033,3,0.7142857142857143,14,10,-7.0,-4.8,10.0,0.7,0.6493684961455471,4.978540772532189,base_pca,PCA (линейная граница),fold0,0
0.5502860248088861,10.0,0.4793388429752066,3,0.9285714285714286,14,13,-14.0,-6.769230769230769,9.600000000000001,0.7692307692307693,0.8536341064199116,9.957081545064378,base_pca,PCA (линейная граница),fold0,0
0.043564168736342286,20.0,0.9607438016528925,3,1.0,14,14,-14.0,-9.571428571428571,5.000000000000011,0.8571428571428571,0.9514940689236661,19.957081545064376,base_pca,PCA (линейная граница),fold0,0
0.08898957446217874,0.25,0.010330578512396695,3,0.07142857142857142,14,1,10.0,10.0,10.0,0.0,0.04499718035338833,0.2145922746781116,base_california,California алгоритм (AID),fold0,0
-0.10055975243448517,0.5,0.022727272727272728,3,0.2857142857142857,14,4,4.0,3.0,15.600000000000001,0.5,0.21894541475682133,0.4721030042918455,base_california,California алгоритм (AID),fold0,0
-0.1832577660679754,1.0,0.047520661157024795,3,0.35714285714285715,14,5,8.0,2.0,12.4,0.4,0.2746117161672598,0.9871244635193133,base_california,California алгоритм (AID),fold0,0
-0.3078353852033533,2.0,0.09504132231404959,3,0.7857142857142857,14,11,0.0,0.9090909090909091,16.0,0.45454545454545453,0.6291401590023652,1.9742489270386265,base_california,California алгоритм (AID),fold0,0
-0.4555052369832989,5.0,0.23553719008264462,3,0.9285714285714286,14,13,-2.0,-3.8461538461538463,10.0,0.6153846153846154,0.8453050162423851,4.8927038626609445,base_california,California алгоритм (AID),fold0,0
-0.5800645649433065,10.0,0.48140495867768596,3,1.0,14,14,-13.0,-8.428571428571429,5.000000000000011,0.8571428571428571,0.9514940689236661,10.0,base_california,California алгоритм (AID),fold0,0
-0.9157350957393633,20.0,0.9607438016528925,3,1.0,14,14,-14.0,-9.571428571428571,5.000000000000011,0.8571428571428571,0.9514940689236661,19.957081545064376,base_california,California алгоритм (AID),fold0,0
2.558535933494591,0.25,0.010330578512396695,3,0.2857142857142857,14,4,4.0,3.5,9.4,0.25,0.23720835463795176,0.2145922746781116,base_snd,Standard Normal Deviate (AID),fold0,0
2.213011860847476,0.5,0.022727272727272728,3,0.35714285714285715,14,5,8.0,2.4,9.2,0.2,0.28656238606537227,0.4721030042918455,base_snd,Standard Normal Deviate (AID),fold0,0
1.898724257946022,1.0,0.047520661157024795,3,0.5,14,7,6.0,3.142857142857143,14.8,0.2857142857142857,0.3892773276146149,0.9871244635193133,base_snd,Standard Normal Deviate (AID),fold0,0
1.71151262521744,2.0,0.09297520661157024,3,0.6428571428571429,14,9,2.0,1.5555555555555556,14.4,0.3333333333333333,0.5214720828661695,1.9313304721030042,base_snd,Standard Normal Deviate (AID),fold0,0
1.4267799258232148,5.0,0.2396694214876033,3,0.7142857142857143,14,10,-7.0,-6.8,0.3999999999999986,0.8,0.7022312782959135,4.978540772532189,base_snd,Standard Normal Deviate (AID),fold0,0
1.2000841498374957,10.0,0.48140495867768596,3,0.9285714285714286,14,13,-12.0,-9.538461538461538,-1.5999999999999943,0.8461538461538461,0.9021400374962455,10.0,base_snd,Standard Normal Deviate (AID),fold0,0
0.8806450068950766,20.0,0.9586776859504132,3,1.0,14,14,-14.0,-9.428571428571429,6.400000000000013,0.8571428571428571,0.9471372178496339,19.914163090128756,base_snd,Standard Normal Deviate (AID),fold0,0
0.6904944479465487,0.25,0.010330578512396695,3,0.2857142857142857,14,4,12.0,12.0,17.6,0.0,0.16977046529513376,0.2145922746781116,base_iforest,Isolation Forest,fold0,0
0.6875623762607577,0.5,0.01859504132231405,3,0.2857142857142857,14,4,12.0,12.0,17.6,0.0,0.16977046529513376,0.38626609442060084,base_iforest,Isolation Forest,fold0,0
0.6796354353427889,1.0,0.047520661157024795,3,0.35714285714285715,14,5,4.0,3.6,14.400000000000002,0.4,0.28471046017071694,0.9871244635193133,base_iforest,Isolation Forest,fold0,0
0.6608836948871615,2.0,0.09297520661157024,3,0.5714285714285714,14,8,-6.0,-1.25,11.599999999999998,0.625,0.48419736735427327,1.9313304721030042,base_iforest,Isolation Forest,fold0,0
0.6311871111392978,5.0,0.2396694214876033,3,0.8571428571428571,14,12,-3.0,-1.5,13.600000000000001,0.5833333333333334,0.7327474028442306,4.978540772532189,base_iforest,Isolation Forest,fold0,0
0.5810429751873016,10.0,0.48140495867768596,3,0.9285714285714286,14,13,-14.0,-7.230769230769231,8.0,0.7692307692307693,0.8579909574939437,10.0,base_iforest,Isolation Forest,fold0,0
0.501383572816849,20.0,0.9586776859504132,3,1.0,14,14,-14.0,-9.571428571428571,5.000000000000011,0.8571428571428571,0.9514940689236661,19.914163090128756,base_iforest,Isolation Forest,fold0,0
0.03194934688508512,0.25,0.006198347107438017,3,0.0,14,0,,,,0.0,0.0,0.12875536480686695,deep_transformer_contrastive,Transformer (без графа) + Контрастив,fold0,0
0.019592694006860263,0.5,0.022727272727272728,3,0.14285714285714285,14,2,-8.0,-8.0,-3.1999999999999997,1.0,0.14285714285714285,0.4721030042918455,deep_transformer_contrastive,Transformer (без графа) + Контрастив,fold0,0
0.015103666577488196,1.0,0.045454545454545456,3,0.14285714285714285,14,2,-8.0,-8.0,-3.1999999999999997,1.0,0.14285714285714285,0.944206008583691,deep_transformer_contrastive,Transformer (без графа) + Контрастив,fold0,0
0.011973400134593264,2.0,0.09504132231404959,3,0.5714285714285714,14,8,2.0,1.0,12.399999999999999,0.375,0.47475279049765223,1.9742489270386265,deep_transformer_contrastive,Transformer (без графа) + Контрастив,fold0,0
0.009285915177315487,5.0,0.2396694214876033,3,0.7142857142857143,14,10,-6.0,-2.8,10.999999999999996,0.6,0.6183408080633516,4.978540772532189,deep_transformer_contrastive,Transformer (без графа) + Контрастив,fold0,0
0.004981559002771985,10.0,0.4772727272727273,3,0.9285714285714286,14,13,-12.0,-6.461538461538462,9.600000000000001,0.7692307692307693,0.8460402875958313,9.914163090128755,deep_transformer_contrastive,Transformer (без графа) + Контрастив,fold0,0
0.0010693944641388957,20.0,0.9628099173553719,3,1.0,14,14,-14.0,-9.571428571428571,5.000000000000011,0.8571428571428571,0.9514940689236661,20.0,deep_transformer_contrastive,Transformer (без графа) + Контрастив,fold0,0
1.9614854454994228,0.25,0.010330578512396695,3,0.42857142857142855,14,6,-3.0,-0.3333333333333333,10.0,0.6666666666666666,0.3757086464210624,0.2145922746781116,cand_gcngru_recon,GCN+GRU (фикс. граф) + Реконструкция,fold0,0
1.8451057076454167,0.5,0.02066115702479339,3,0.42857142857142855,14,6,-7.0,-5.0,4.0,0.8333333333333334,0.4021400374962455,0.4291845493562232,cand_gcngru_recon,GCN+GRU (фикс. граф) + Реконструкция,fold0,0
1.7337470650672941,1.0,0.047520661157024795,3,0.42857142857142855,14,6,-7.0,-5.0,4.0,0.8333333333333334,0.4021400374962455,0.9871244635193133,cand_gcngru_recon,GCN+GRU (фикс. граф) + Реконструкция,fold0,0
1.4823903441429138,2.0,0.09504132231404959,3,0.6428571428571429,14,9,-6.0,-3.5555555555555554,10.0,0.6666666666666666,0.5726985237964337,1.9742489270386265,cand_gcngru_recon,GCN+GRU (фикс. граф) + Реконструкция,fold0,0
1.100304901599887,5.0,0.23760330578512398,3,0.8571428571428571,14,12,-7.0,-4.666666666666667,7.800000000000001,0.6666666666666666,0.7850355526246243,4.935622317596566,cand_gcngru_recon,GCN+GRU (фикс. граф) + Реконструкция,fold0,0
0.499223127961161,10.0,0.48140495867768596,3,0.9285714285714286,14,13,-14.0,-7.076923076923077,9.600000000000001,0.7692307692307693,0.8496618673164172,10.0,cand_gcngru_recon,GCN+GRU (фикс. граф) + Реконструкция,fold0,0
0.045757455751301315,20.0,0.9607438016528925,3,1.0,14,14,-14.0,-9.571428571428571,5.000000000000011,0.8571428571428571,0.9514940689236661,19.957081545064376,cand_gcngru_recon,GCN+GRU (фикс. граф) + Реконструкция,fold0,0
2.9099024534225464,0.25,0.010330578512396695,3,0.2857142857142857,14,4,5.0,5.5,13.4,0.5,0.22128544563634506,0.2145922746781116,cand_gatlstm_recon,GAT+LSTM (обуч. внимание) + Реконструкция,fold0,0
2.842711567878726,0.5,0.02066115702479339,3,0.2857142857142857,14,4,0.0,0.0,10.400000000000002,0.5,0.24538353928346643,0.4291845493562232,cand_gatlstm_recon,GAT+LSTM (обуч. внимание) + Реконструкция,fold0,0
2.428525567054752,1.0,0.047520661157024795,3,0.35714285714285715,14,5,-4.0,-4.0,5.200000000000001,0.8,0.3307114660676741,0.9871244635193133,cand_gatlstm_recon,GAT+LSTM (обуч. внимание) + Реконструкция,fold0,0
2.2138372659683245,2.0,0.09504132231404959,3,0.5714285714285714,14,8,-10.0,-5.0,7.199999999999999,0.75,0.5277013434430454,1.9742489270386265,cand_gatlstm_recon,GAT+LSTM (обуч. внимание) + Реконструкция,fold0,0
1.8826740384101903,5.0,0.23760330578512398,3,0.7857142857142857,14,11,-12.0,-7.2727272727272725,10.0,0.8181818181818182,0.7328515035639196,4.935622317596566,cand_gatlstm_recon,GAT+LSTM (обуч. внимание) + Реконструкция,fold0,0
1.445608913898469,10.0,0.4793388429752066,3,0.9285714285714286,14,13,-14.0,-7.384615384615385,8.0,0.7692307692307693,0.8579909574939437,9.957081545064378,cand_gatlstm_recon,GAT+LSTM (обуч. внимание) + Реконструкция,fold0,0
0.43675838410854373,20.0,0.9628099173553719,3,1.0,14,14,-14.0,-9.571428571428571,5.000000000000011,0.8571428571428571,0.9514940689236661,20.0,cand_gatlstm_recon,GAT+LSTM (обуч. внимание) + Реконструкция,fold0,0
0.253879651427269,0.25,0.010330578512396695,3,0.14285714285714285,14,2,0.0,0.0,1.6,0.5,0.1365516063255869,0.2145922746781116,cand_gcngru_bigan,GCN+GRU (фикс. граф) + Критик BiGAN,fold0,0
0.24646971374750143,0.5,0.022727272727272728,3,0.14285714285714285,14,2,-8.0,-8.0,-3.1999999999999997,1.0,0.14285714285714285,0.4721030042918455,cand_gcngru_bigan,GCN+GRU (фикс. граф) + Критик BiGAN,fold0,0
0.22030969709157955,1.0,0.047520661157024795,3,0.2857142857142857,14,4,-10.0,-9.0,-3.1999999999999993,1.0,0.2857142857142857,0.9871244635193133,cand_gcngru_bigan,GCN+GRU (фикс. граф) + Критик BiGAN,fold0,0
0.2042131647467614,2.0,0.09090909090909091,3,0.5714285714285714,14,8,2.0,0.75,12.399999999999999,0.5,0.46093247248558095,1.888412017167382,cand_gcngru_bigan,GCN+GRU (фикс. граф) + Критик BiGAN,fold0,0
0.17126623541116726,5.0,0.2396694214876033,3,0.7857142857142857,14,11,-10.0,-4.0,14.0,0.7272727272727273,0.6849202048575579,4.978540772532189,cand_gcngru_bigan,GCN+GRU (фикс. граф) + Критик BiGAN,fold0,0
0.1562209650874138,10.0,0.48140495867768596,3,0.8571428571428571,14,12,-12.0,-6.0,9.600000000000001,0.75,0.7730781492750499,10.0,cand_gcngru_bigan,GCN+GRU (фикс. граф) + Критик BiGAN,fold0,0
0.1344270035624505,20.0,0.9586776859504132,3,1.0,14,14,-14.0,-9.571428571428571,5.000000000000011,0.8571428571428571,0.9514940689236661,19.914163090128756,cand_gcngru_bigan,GCN+GRU (фикс. граф) + Критик BiGAN,fold0,0
-282.32362365722656,0.25,0.010330578512396695,3,0.21428571428571427,14,3,4.0,6.666666666666667,12.0,0.0,0.16190053186509412,0.2145922746781116,cand_hypergraph_flow,Гиперграф+Bi-GLU + Плотность (flow),fold0,0
-282.9535675048828,0.5,0.022727272727272728,3,0.2857142857142857,14,4,8.0,8.0,14.8,0.0,0.20592913397117954,0.4721030042918455,cand_hypergraph_flow,Гиперграф+Bi-GLU + Плотность (flow),fold0,0
-283.6414642333984,1.0,0.045454545454545456,3,0.35714285714285715,14,5,-2.0,0.8,11.2,0.6,0.30030783588899673,0.944206008583691,cand_hypergraph_flow,Гиперграф+Bi-GLU + Плотность (flow),fold0,0
-284.0301055908203,2.0,0.09504132231404959,3,0.5,14,7,2.0,2.0,12.400000000000002,0.42857142857142855,0.4178815508288321,1.9742489270386265,cand_hypergraph_flow,Гиперграф+Bi-GLU + Плотность (flow),fold0,0
-284.7121124267578,5.0,0.2396694214876033,3,0.7142857142857143,14,10,-8.0,-4.8,8.2,0.7,0.6537253472195795,4.978540772532189,cand_hypergraph_flow,Гиперграф+Bi-GLU + Плотность (flow),fold0,0
-285.2984161376953,10.0,0.4793388429752066,3,0.8571428571428571,14,12,-14.0,-7.5,5.800000000000001,0.75,0.8013611931675302,9.957081545064378,cand_hypergraph_flow,Гиперграф+Bi-GLU + Плотность (flow),fold0,0
-286.2216339111328,20.0,0.9628099173553719,3,1.0,14,14,-14.0,-9.571428571428571,5.000000000000011,0.8571428571428571,0.9514940689236661,20.0,cand_hypergraph_flow,Гиперграф+Bi-GLU + Плотность (flow),fold0,0
2.981857895851136,0.25,0.010330578512396695,3,0.07142857142857142,14,1,-14.0,-14.0,-14.0,1.0,0.07142857142857142,0.2145922746781116,cand_gcngru_physics,GCN+GRU (фикс. граф) + Невязка LWR,fold0,0
2.9337538480758676,0.5,0.02066115702479339,3,0.07142857142857142,14,1,-14.0,-14.0,-14.0,1.0,0.07142857142857142,0.4291845493562232,cand_gcngru_physics,GCN+GRU (фикс. граф) + Невязка LWR,fold0,0
2.8484913110733054,1.0,0.047520661157024795,3,0.07142857142857142,14,1,-14.0,-14.0,-14.0,1.0,0.07142857142857142,0.9871244635193133,cand_gcngru_physics,GCN+GRU (фикс. граф) + Невязка LWR,fold0,0
2.5622404813766484,2.0,0.09297520661157024,3,0.07142857142857142,14,1,-14.0,-14.0,-14.0,1.0,0.07142857142857142,1.9313304721030042,cand_gcngru_physics,GCN+GRU (фикс. граф) + Невязка LWR,fold0,0
2.135690331459048,5.0,0.2396694214876033,3,0.35714285714285715,14,5,-10.0,-4.0,10.0,0.6,0.31106321125379294,4.978540772532189,cand_gcngru_physics,GCN+GRU (фикс. граф) + Невязка LWR,fold0,0
1.7964827418327352,10.0,0.4793388429752066,3,0.7142857142857143,14,10,-14.0,-6.0,8.2,0.7,0.6437052432082294,9.957081545064378,cand_gcngru_physics,GCN+GRU (фикс. граф) + Невязка LWR,fold0,0
1.093405783176423,20.0,0.9607438016528925,3,1.0,14,14,-14.0,-9.571428571428571,5.000000000000011,0.8571428571428571,0.9514940689236661,19.957081545064376,cand_gcngru_physics,GCN+GRU (фикс. граф) + Невязка LWR,fold0,0
3.0211070775985727,0.25,0.009208103130755065,3,0.2222222222222222,9,2,-10.0,-10.0,-10.0,1.0,0.2222222222222222,0.2145922746781116,ctrl_random,Случайный score (контроль),fold1,0
2.9277266263961796,0.5,0.020257826887661142,3,0.3333333333333333,9,3,-10.0,-11.333333333333334,-10.0,1.0,0.3333333333333333,0.4721030042918455,ctrl_random,Случайный score (контроль),fold1,0
2.832206368446351,1.0,0.040515653775322284,3,0.6666666666666666,9,6,-10.0,-6.0,6.0,0.8333333333333334,0.6086023113283565,0.944206008583691,ctrl_random,Случайный score (контроль),fold1,0
2.745588183403017,2.0,0.0847145488029466,3,0.7777777777777778,9,7,-10.0,-6.857142857142857,3.2000000000000064,0.8571428571428571,0.7248496734900348,1.9742489270386265,ctrl_random,Случайный score (контроль),fold1,0
2.6053966283798227,5.0,0.2136279926335175,3,0.8888888888888888,9,8,-9.0,-9.25,-4.0,1.0,0.8888888888888888,4.978540772532189,ctrl_random,Случайный score (контроль),fold1,0
2.472435593605044,10.0,0.429097605893186,3,1.0,9,9,-10.0,-7.333333333333333,0.4000000000000039,0.8888888888888888,0.9372528090720069,10.0,ctrl_random,Случайный score (контроль),fold1,0
2.1364024877548218,20.0,0.858195211786372,3,1.0,9,9,-14.0,-11.777777777777779,-6.799999999999999,1.0,1.0,20.0,ctrl_random,Случайный score (контроль),fold1,0
21.40765476226807,0.25,0.009208103130755065,3,0.0,9,0,,,,0.0,0.0,0.2145922746781116,ctrl_untrained,GCN+GRU (фикс. граф) + Реконструкция [необучен],fold1,0
19.742440223693855,0.5,0.020257826887661142,3,0.0,9,0,,,,0.0,0.0,0.4721030042918455,ctrl_untrained,GCN+GRU (фикс. граф) + Реконструкция [необучен],fold1,0
18.151141166687026,1.0,0.0423572744014733,3,0.0,9,0,,,,0.0,0.0,0.9871244635193133,ctrl_untrained,GCN+GRU (фикс. граф) + Реконструкция [необучен],fold1,0
16.00047779083254,2.0,0.08103130755064457,3,0.1111111111111111,9,1,-14.0,-14.0,-14.0,1.0,0.1111111111111111,1.888412017167382,ctrl_untrained,GCN+GRU (фикс. граф) + Реконструкция [необучен],fold1,0
12.056774616241459,5.0,0.20994475138121546,3,0.4444444444444444,9,4,-4.0,-1.5,13.000000000000002,0.5,0.3594754539122675,4.8927038626609445,ctrl_untrained,GCN+GRU (фикс. граф) + Реконструкция [необучен],fold1,0
7.492856740951553,10.0,0.429097605893186,3,0.7777777777777778,9,7,-8.0,-4.857142857142857,6.800000000000004,0.5714285714285714,0.7150410611076145,10.0,ctrl_untrained,GCN+GRU (фикс. граф) + Реконструкция [необучен],fold1,0
2.236578345298776,20.0,0.858195211786372,3,0.7777777777777778,9,7,-14.0,-14.0,-14.0,1.0,0.7777777777777778,20.0,ctrl_untrained,GCN+GRU (фикс. граф) + Реконструкция [необучен],fold1,0
5.383023500442507,0.25,0.009208103130755065,3,0.0,9,0,,,,0.0,0.0,0.2145922746781116,base_pca,PCA (линейная граница),fold1,0
4.754960775375371,0.5,0.020257826887661142,3,0.1111111111111111,9,1,18.0,18.0,18.0,0.0,0.048363920183118005,0.4721030042918455,base_pca,PCA (линейная граница),fold1,0
3.0901070833206195,1.0,0.0423572744014733,3,0.1111111111111111,9,1,14.0,14.0,14.0,0.0,0.058183006823368154,0.9871244635193133,base_pca,PCA (линейная граница),fold1,0
2.521132349967962,2.0,0.0847145488029466,3,0.1111111111111111,9,1,12.0,12.0,12.0,0.0,0.06381657527761304,1.9742489270386265,base_pca,PCA (линейная граница),fold1,0
1.7958921790122986,5.0,0.21178637200736647,3,0.4444444444444444,9,4,8.0,7.5,17.6,0.25,0.31138192629259503,4.935622317596566,base_pca,PCA (линейная граница),fold1,0
0.8446181118488363,10.0,0.429097605893186,3,0.6666666666666666,9,6,-14.0,-13.333333333333334,-12.0,1.0,0.6666666666666666,10.0,base_pca,PCA (линейная граница),fold1,0
0.08341116085648831,20.0,0.856353591160221,3,1.0,9,9,-14.0,-12.666666666666666,-11.599999999999998,1.0,1.0,19.957081545064376,base_pca,PCA (линейная граница),fold1,0
0.1707897558808406,0.25,0.009208103130755065,3,0.0,9,0,,,,0.0,0.0,0.2145922746781116,base_california,California алгоритм (AID),fold1,0
-0.050677107647058794,0.5,0.020257826887661142,3,0.1111111111111111,9,1,10.0,10.0,10.0,0.0,0.06999561388304851,0.4721030042918455,base_california,California алгоритм (AID),fold1,0
-0.11444440111517493,1.0,0.0423572744014733,3,0.1111111111111111,9,1,2.0,2.0,2.0,0.0,0.10130249872869075,0.9871244635193133,base_california,California алгоритм (AID),fold1,0
-0.20187395066022587,2.0,0.0847145488029466,3,0.3333333333333333,9,3,-10.0,-6.0,2.8000000000000007,0.6666666666666666,0.30642869813946655,1.9742489270386265,base_california,California алгоритм (AID),fold1,0
-0.32648725807666,5.0,0.2136279926335175,3,0.6666666666666666,9,6,-12.0,-9.333333333333334,-2.0,0.8333333333333334,0.6397620314728,4.978540772532189,base_california,California алгоритм (AID),fold1,0
-0.4697627872228589,10.0,0.429097605893186,3,0.8888888888888888,9,8,-11.0,-8.75,-1.6000000000000014,0.875,0.8701375440158654,10.0,base_california,California алгоритм (AID),fold1,0
-0.7176866829395236,20.0,0.856353591160221,3,1.0,9,9,-14.0,-12.666666666666666,-11.599999999999998,1.0,1.0,19.957081545064376,base_california,California алгоритм (AID),fold1,0
3.196703553199783,0.25,0.009208103130755065,3,0.2222222222222222,9,2,-2.0,-2.0,2.8000000000000003,0.5,0.20347087734919864,0.2145922746781116,base_snd,Standard Normal Deviate (AID),fold1,0
2.917491555213931,0.5,0.020257826887661142,3,0.2222222222222222,9,2,-3.0,-3.0,1.0000000000000002,0.5,0.21241360983980184,0.4721030042918455,base_snd,Standard Normal Deviate (AID),fold1,0
2.2567917108535815,1.0,0.0423572744014733,3,0.5555555555555556,9,5,-6.0,-5.2,2.8000000000000007,0.8,0.5286509203616888,0.9871244635193133,base_snd,Standard Normal Deviate (AID),fold1,0
1.9445723891258382,2.0,0.0847145488029466,3,0.6666666666666666,9,6,-9.0,-6.0,3.0,0.6666666666666666,0.6397620314728,1.9742489270386265,base_snd,Standard Normal Deviate (AID),fold1,0
1.53062421083452,5.0,0.20994475138121546,3,0.7777777777777778,9,7,-12.0,-8.857142857142858,-0.7999999999999972,0.8571428571428571,0.7590264329047542,4.8927038626609445,base_snd,Standard Normal Deviate (AID),fold1,0
1.2983956933021599,10.0,0.429097605893186,3,1.0,9,9,-12.0,-6.222222222222222,6.000000000000002,0.6666666666666666,0.918511938456813,10.0,base_snd,Standard Normal Deviate (AID),fold1,0
0.9776583015918763,20.0,0.856353591160221,3,1.0,9,9,-14.0,-10.444444444444445,-3.1999999999999993,0.8888888888888888,1.0,19.957081545064376,base_snd,Standard Normal Deviate (AID),fold1,0
0.7381905615329745,0.25,0.009208103130755065,3,0.1111111111111111,9,1,0.0,0.0,0.0,0.0,0.1111111111111111,0.2145922746781116,base_iforest,Isolation Forest,fold1,0
0.7342739403247835,0.5,0.020257826887661142,3,0.2222222222222222,9,2,5.0,5.0,10.6,0.5,0.17492768638872416,0.4721030042918455,base_iforest,Isolation Forest,fold1,0
0.7173343002796175,1.0,0.0423572744014733,3,0.3333333333333333,9,3,0.0,3.3333333333333335,9.600000000000001,0.3333333333333333,0.2860387974998353,0.9871244635193133,base_iforest,Isolation Forest,fold1,0
0.7007392346858978,2.0,0.0847145488029466,3,0.4444444444444444,9,4,5.0,6.0,14.200000000000001,0.25,0.3452645918780717,1.9742489270386265,base_iforest,Isolation Forest,fold1,0
0.6821419298648836,5.0,0.2136279926335175,3,0.6666666666666666,9,6,-7.0,-5.666666666666667,4.0,0.8333333333333334,0.6255511694386041,4.978540772532189,base_iforest,Isolation Forest,fold1,0
0.6412706673145296,10.0,0.429097605893186,3,0.7777777777777778,9,7,-14.0,-8.571428571428571,1.2000000000000028,0.8571428571428571,0.750873142583911,10.0,base_iforest,Isolation Forest,fold1,0
0.5168164074420931,20.0,0.856353591160221,3,1.0,9,9,-14.0,-12.0,-6.799999999999999,1.0,1.0,19.957081545064376,base_iforest,Isolation Forest,fold1,0
0.031136202625930313,0.25,0.0055248618784530384,3,0.0,9,0,,,,0.0,0.0,0.12875536480686695,deep_transformer_contrastive,Transformer (без графа) + Контрастив,fold1,0
0.02657637652009726,0.5,0.016574585635359115,3,0.0,9,0,,,,0.0,0.0,0.38626609442060084,deep_transformer_contrastive,Transformer (без графа) + Контрастив,fold1,0
0.021724938414990937,1.0,0.0423572744014733,3,0.1111111111111111,9,1,20.0,20.0,20.0,0.0,0.04409447366578332,0.9871244635193133,deep_transformer_contrastive,Transformer (без графа) + Контрастив,fold1,0
0.017820405773818514,2.0,0.08103130755064457,3,0.1111111111111111,9,1,12.0,12.0,12.0,0.0,0.06381657527761304,1.888412017167382,deep_transformer_contrastive,Transformer (без графа) + Контрастив,fold1,0
0.010141036938875945,5.0,0.2136279926335175,3,0.4444444444444444,9,4,-3.0,-1.5,9.200000000000003,0.75,0.39151634015670145,4.978540772532189,deep_transformer_contrastive,Transformer (без графа) + Контрастив,fold1,0
0.00656800786964598,10.0,0.427255985267035,3,0.6666666666666666,9,6,-13.0,-12.0,-9.0,1.0,0.6666666666666666,9.957081545064378,deep_transformer_contrastive,Transformer (без графа) + Контрастив,fold1,0
0.0010404679342173248,20.0,0.858195211786372,3,1.0,9,9,-14.0,-12.666666666666666,-11.599999999999998,1.0,1.0,20.0,deep_transformer_contrastive,Transformer (без графа) + Контрастив,fold1,0
3.2182527780532872,0.25,0.007366482504604052,3,0.0,9,0,,,,0.0,0.0,0.17167381974248927,cand_gcngru_recon,GCN+GRU (фикс. граф) + Реконструкция,fold1,0
3.0217856168746975,0.5,0.020257826887661142,3,0.1111111111111111,9,1,20.0,20.0,20.0,0.0,0.04409447366578332,0.4721030042918455,cand_gcngru_recon,GCN+GRU (фикс. граф) + Реконструкция,fold1,0
2.6121460199356084,1.0,0.0423572744014733,3,0.1111111111111111,9,1,14.0,14.0,14.0,0.0,0.058183006823368154,0.9871244635193133,cand_gcngru_recon,GCN+GRU (фикс. граф) + Реконструкция,fold1,0
2.08067333698273,2.0,0.0847145488029466,3,0.4444444444444444,9,4,6.0,3.0,12.8,0.25,0.3405922305462185,1.9742489270386265,cand_gcngru_recon,GCN+GRU (фикс. граф) + Реконструкция,fold1,0
1.5242903828620942,5.0,0.20994475138121546,3,0.7777777777777778,9,7,-10.0,-5.714285714285714,4.800000000000004,0.5714285714285714,0.7304832419442797,4.8927038626609445,cand_gcngru_recon,GCN+GRU (фикс. граф) + Реконструкция,fold1,0
0.7662374079227471,10.0,0.429097605893186,3,0.7777777777777778,9,7,-14.0,-12.285714285714286,-9.199999999999996,1.0,0.7777777777777778,10.0,cand_gcngru_recon,GCN+GRU (фикс. граф) + Реконструкция,fold1,0
0.10578772053122604,20.0,0.85451197053407,3,1.0,9,9,-14.0,-12.666666666666666,-11.599999999999998,1.0,1.0,19.914163090128756,cand_gcngru_recon,GCN+GRU (фикс. граф) + Реконструкция,fold1,0
3.793763041496278,0.25,0.009208103130755065,3,0.1111111111111111,9,1,4.0,4.0,4.0,0.0,0.09235976623808753,0.2145922746781116,cand_gatlstm_recon,GAT+LSTM (обуч. внимание) + Реконструкция,fold1,0
3.6176577806472787,0.5,0.020257826887661142,3,0.1111111111111111,9,1,2.0,2.0,2.0,0.0,0.10130249872869075,0.4721030042918455,cand_gatlstm_recon,GAT+LSTM (обуч. внимание) + Реконструкция,fold1,0
3.3120681047439593,1.0,0.0423572744014733,3,0.1111111111111111,9,1,2.0,2.0,2.0,0.0,0.10130249872869075,0.9871244635193133,cand_gatlstm_recon,GAT+LSTM (обуч. внимание) + Реконструкция,fold1,0
2.798272252082826,2.0,0.0847145488029466,3,0.2222222222222222,9,2,7.0,7.0,12.6,0.0,0.16929411793447924,1.9742489270386265,cand_gatlstm_recon,GAT+LSTM (обуч. внимание) + Реконструкция,fold1,0
2.203468441963199,5.0,0.21178637200736647,3,0.6666666666666666,9,6,-4.0,-1.0,14.0,0.5,0.5613077754948583,4.935622317596566,cand_gatlstm_recon,GAT+LSTM (обуч. внимание) + Реконструкция,fold1,0
1.5762711167335524,10.0,0.429097605893186,3,0.7777777777777778,9,7,-14.0,-11.714285714285714,-6.799999999999997,1.0,0.7777777777777778,10.0,cand_gatlstm_recon,GAT+LSTM (обуч. внимание) + Реконструкция,fold1,0
0.9208683669567126,20.0,0.85451197053407,3,1.0,9,9,-14.0,-12.666666666666666,-11.599999999999998,1.0,1.0,19.914163090128756,cand_gatlstm_recon,GAT+LSTM (обуч. внимание) + Реконструкция,fold1,0
0.4955369085073472,0.25,0.007366482504604052,3,0.0,9,0,,,,0.0,0.0,0.17167381974248927,cand_gcngru_bigan,GCN+GRU (фикс. граф) + Критик BiGAN,fold1,0
0.493322417140007,0.5,0.020257826887661142,3,0.0,9,0,,,,0.0,0.0,0.4721030042918455,cand_gcngru_bigan,GCN+GRU (фикс. граф) + Критик BiGAN,fold1,0
0.48935095965862274,1.0,0.0423572744014733,3,0.3333333333333333,9,3,6.0,1.3333333333333333,10.8,0.3333333333333333,0.2591341623059685,0.9871244635193133,cand_gcngru_bigan,GCN+GRU (фикс. граф) + Критик BiGAN,fold1,0
0.48628492653369926,2.0,0.08287292817679558,3,0.5555555555555556,9,5,4.0,0.4,8.8,0.4,0.47075832997601036,1.9313304721030042,cand_gcngru_bigan,GCN+GRU (фикс. граф) + Критик BiGAN,fold1,0
0.47786696255207084,5.0,0.2136279926335175,3,0.6666666666666666,9,6,-7.0,-5.333333333333333,5.0,0.6666666666666666,0.6255511694386041,4.978540772532189,cand_gcngru_bigan,GCN+GRU (фикс. граф) + Критик BiGAN,fold1,0
0.44490082561969774,10.0,0.429097605893186,3,0.7777777777777778,9,7,-14.0,-10.857142857142858,-5.199999999999992,0.8571428571428571,0.7434396044426541,10.0,cand_gcngru_bigan,GCN+GRU (фикс. граф) + Критик BiGAN,fold1,0
0.3460858315229416,20.0,0.858195211786372,3,1.0,9,9,-14.0,-12.666666666666666,-11.599999999999998,1.0,1.0,20.0,cand_gcngru_bigan,GCN+GRU (фикс. граф) + Критик BiGAN,fold1,0
-281.26274108886713,0.25,0.009208103130755065,3,0.1111111111111111,9,1,16.0,16.0,16.0,0.0,0.05304675577280092,0.2145922746781116,cand_hypergraph_flow,Гиперграф+Bi-GLU + Плотность (flow),fold1,0
-281.3847198486328,0.5,0.016574585635359115,3,0.1111111111111111,9,1,16.0,16.0,16.0,0.0,0.05304675577280092,0.38626609442060084,cand_hypergraph_flow,Гиперграф+Bi-GLU + Плотность (flow),fold1,0
-282.4158477783203,1.0,0.0423572744014733,3,0.1111111111111111,9,1,14.0,14.0,14.0,0.0,0.058183006823368154,0.9871244635193133,cand_hypergraph_flow,Гиперграф+Bi-GLU + Плотность (flow),fold1,0
-283.3021087646484,2.0,0.08103130755064457,3,0.3333333333333333,9,3,0.0,4.666666666666667,11.200000000000001,0.0,0.28040522904559034,1.888412017167382,cand_hypergraph_flow,Гиперграф+Bi-GLU + Плотность (flow),fold1,0
-285.0131378173828,5.0,0.2136279926335175,3,0.3333333333333333,9,3,0.0,2.6666666666666665,8.0,0.3333333333333333,0.29221783610527075,4.978540772532189,cand_hypergraph_flow,Гиперграф+Bi-GLU + Плотность (flow),fold1,0
-286.7539825439453,10.0,0.429097605893186,3,0.6666666666666666,9,6,-14.0,-10.666666666666666,-4.0,0.8333333333333334,0.6397620314728,10.0,cand_hypergraph_flow,Гиперграф+Bi-GLU + Плотность (flow),fold1,0
-288.8741302490234,20.0,0.858195211786372,3,1.0,9,9,-14.0,-12.666666666666666,-11.599999999999998,1.0,1.0,20.0,cand_hypergraph_flow,Гиперграф+Bi-GLU + Плотность (flow),fold1,0
2.933815598487856,0.25,0.009208103130755065,3,0.0,9,0,,,,0.0,0.0,0.2145922746781116,cand_gcngru_physics,GCN+GRU (фикс. граф) + Невязка LWR,fold1,0
2.6875313520431527,0.5,0.020257826887661142,3,0.1111111111111111,9,1,6.0,6.0,6.0,0.0,0.08420647591724434,0.4721030042918455,cand_gcngru_physics,GCN+GRU (фикс. граф) + Невязка LWR,fold1,0
2.263388037681581,1.0,0.0423572744014733,3,0.2222222222222222,9,2,-8.0,-8.0,-3.1999999999999997,1.0,0.2222222222222222,0.9871244635193133,cand_gcngru_physics,GCN+GRU (фикс. граф) + Невязка LWR,fold1,0
1.9107994437217717,2.0,0.0847145488029466,3,0.4444444444444444,9,4,-11.0,-8.0,0.40000000000000213,0.75,0.4256930995714209,1.9742489270386265,cand_gcngru_physics,GCN+GRU (фикс. граф) + Невязка LWR,fold1,0
1.6929675936698931,5.0,0.2136279926335175,3,0.5555555555555556,9,5,-8.0,-3.2,12.000000000000002,0.6,0.48853891811022776,4.978540772532189,cand_gcngru_physics,GCN+GRU (фикс. граф) + Невязка LWR,fold1,0
1.5365206599235541,10.0,0.429097605893186,3,0.7777777777777778,9,7,-14.0,-7.142857142857143,6.000000000000007,0.8571428571428571,0.7150305868497847,10.0,cand_gcngru_physics,GCN+GRU (фикс. граф) + Невязка LWR,fold1,0
1.0372250676155113,20.0,0.856353591160221,3,1.0,9,9,-14.0,-12.666666666666666,-11.599999999999998,1.0,1.0,19.957081545064376,cand_gcngru_physics,GCN+GRU (фикс. граф) + Невязка LWR,fold1,0
3.0211070775985727,0.25,0.008333333333333333,3,0.14285714285714285,14,2,7.0,7.0,17.4,0.5,0.09977501878514641,0.17167381974248927,ctrl_random,Случайный score (контроль),fold2,0
2.90294945240021,0.5,0.022916666666666665,3,0.2857142857142857,14,4,-7.0,-0.5,12.200000000000005,0.75,0.2426321616422893,0.4721030042918455,ctrl_random,Случайный score (контроль),fold2,0
2.832206368446351,1.0,0.04791666666666667,3,0.5,14,7,4.0,4.571428571428571,20.0,0.42857142857142855,0.3677561059669429,0.9871244635193133,ctrl_random,Случайный score (контроль),fold2,0
2.7267910242080706,2.0,0.09583333333333334,3,0.7142857142857143,14,10,-3.0,0.6,12.799999999999997,0.6,0.6023141329700566,1.9742489270386265,ctrl_random,Случайный score (контроль),fold2,0
2.5657848119735727,5.0,0.24166666666666667,3,0.8571428571428571,14,12,-3.0,-1.6666666666666667,9.400000000000002,0.6666666666666666,0.7783195501955918,4.978540772532189,ctrl_random,Случайный score (контроль),fold2,0
2.420465350151063,10.0,0.48333333333333334,3,1.0,14,14,-7.0,-6.714285714285714,-2.0,0.9285714285714286,0.9735686089248169,9.957081545064378,ctrl_random,Случайный score (контроль),fold2,0
1.9298178553581253,20.0,0.9708333333333333,3,1.0,14,14,-14.0,-9.285714285714286,-2.599999999999998,0.9285714285714286,0.9735686089248169,20.0,ctrl_random,Случайный score (контроль),fold2,0
20.40889263153076,0.25,0.008333333333333333,3,0.07142857142857142,14,1,-14.0,-14.0,-14.0,1.0,0.07142857142857142,0.17167381974248927,ctrl_untrained,GCN+GRU (фикс. граф) + Реконструкция [необучен],fold2,0
17.8015832901001,0.5,0.022916666666666665,3,0.07142857142857142,14,1,-14.0,-14.0,-14.0,1.0,0.07142857142857142,0.4721030042918455,ctrl_untrained,GCN+GRU (фикс. граф) + Реконструкция [необучен],fold2,0
16.25825214385987,1.0,0.04791666666666667,3,0.21428571428571427,14,3,6.0,2.6666666666666665,14.0,0.3333333333333333,0.1596627918007434,0.9871244635193133,ctrl_untrained,GCN+GRU (фикс. граф) + Реконструкция [необучен],fold2,0
12.417494297027607,2.0,0.09375,3,0.35714285714285715,14,5,-6.0,-4.4,3.200000000000001,0.8,0.33506831714170626,1.9313304721030042,ctrl_untrained,GCN+GRU (фикс. граф) + Реконструкция [необучен],fold2,0
8.324074268341082,5.0,0.23958333333333334,3,0.42857142857142855,14,6,-10.0,-8.333333333333334,-1.0,0.8333333333333334,0.4165169925816277,4.935622317596566,ctrl_untrained,GCN+GRU (фикс. граф) + Реконструкция [необучен],fold2,0
3.5506545305252155,10.0,0.48125,3,0.8571428571428571,14,12,-8.0,-6.5,5.400000000000002,0.75,0.8094433900538369,9.914163090128755,ctrl_untrained,GCN+GRU (фикс. граф) + Реконструкция [необучен],fold2,0
2.0919777154922548,20.0,0.9708333333333333,3,1.0,14,14,-12.0,-8.857142857142858,-2.599999999999998,0.9285714285714286,0.9735686089248169,20.0,ctrl_untrained,GCN+GRU (фикс. граф) + Реконструкция [необучен],fold2,0
4.794536828994762,0.25,0.010416666666666666,3,0.14285714285714285,14,2,-14.0,-14.0,-14.0,1.0,0.14285714285714285,0.2145922746781116,base_pca,PCA (линейная граница),fold2,0
4.186334848403938,0.5,0.022916666666666665,3,0.21428571428571427,14,3,-14.0,-2.6666666666666665,13.200000000000001,0.6666666666666666,0.17120359021371787,0.4721030042918455,base_pca,PCA (линейная граница),fold2,0
2.6495732069015556,1.0,0.04791666666666667,3,0.21428571428571427,14,3,-14.0,-6.0,5.200000000000001,0.6666666666666666,0.1878543232105312,0.9871244635193133,base_pca,PCA (линейная граница),fold2,0
1.701320588588724,2.0,0.09583333333333334,3,0.2857142857142857,14,4,-7.0,-5.0,5.600000000000001,0.5,0.26363974571313487,1.9742489270386265,base_pca,PCA (линейная граница),fold2,0
0.8584586679935509,5.0,0.24166666666666667,3,0.5,14,7,-6.0,-7.142857142857143,-3.1999999999999993,1.0,0.5,4.978540772532189,base_pca,PCA (линейная граница),fold2,0
0.22256504744291422,10.0,0.48541666666666666,3,0.8571428571428571,14,12,-8.0,-6.833333333333333,1.6000000000000014,0.8333333333333334,0.816812110712038,10.0,base_pca,PCA (линейная граница),fold2,0
0.037285184487705875,20.0,0.96875,3,1.0,14,14,-14.0,-9.285714285714286,-2.599999999999998,0.9285714285714286,0.9735686089248169,19.957081545064376,base_pca,PCA (линейная граница),fold2,0
0.17500001937151122,0.25,0.010416666666666666,3,0.2857142857142857,14,4,5.0,4.5,7.4,0.0,0.23428947281299103,0.2145922746781116,base_california,California алгоритм (AID),fold2,0
0.0053284165915104984,0.5,0.022916666666666665,3,0.42857142857142855,14,6,3.0,2.6666666666666665,7.0,0.3333333333333333,0.3719052147495919,0.4721030042918455,base_california,California алгоритм (AID),fold2,0
-0.06840575113892511,1.0,0.04375,3,0.5,14,7,4.0,0.8571428571428571,6.800000000000001,0.42857142857142855,0.4312793501883624,0.9012875536480687,base_california,California алгоритм (AID),fold2,0
-0.17569573968648766,2.0,0.09583333333333334,3,0.6428571428571429,14,9,-2.0,-2.0,8.4,0.6666666666666666,0.582296775791008,1.9742489270386265,base_california,California алгоритм (AID),fold2,0
-0.3088234812021251,5.0,0.23958333333333334,3,0.7857142857142857,14,11,-6.0,-3.090909090909091,10.0,0.7272727272727273,0.7107769635627686,4.935622317596566,base_california,California алгоритм (AID),fold2,0
-0.5251664817333215,10.0,0.48333333333333334,3,0.8571428571428571,14,12,-8.0,-6.666666666666667,3.400000000000002,0.8333333333333334,0.8230138811519054,9.957081545064378,base_california,California алгоритм (AID),fold2,0
-0.9438619911670676,20.0,0.96875,3,1.0,14,14,-14.0,-9.285714285714286,-2.599999999999998,0.9285714285714286,0.9735686089248169,19.957081545064376,base_california,California алгоритм (AID),fold2,0
2.6016532182693703,0.25,0.008333333333333333,3,0.35714285714285715,14,5,4.0,3.6,10.4,0.2,0.29261025097322807,0.17167381974248927,base_snd,Standard Normal Deviate (AID),fold2,0
2.4794336557388483,0.5,0.020833333333333332,3,0.35714285714285715,14,5,4.0,2.0,10.4,0.4,0.29261025097322807,0.4291845493562232,base_snd,Standard Normal Deviate (AID),fold2,0
2.172492861747762,1.0,0.04791666666666667,3,0.5,14,7,4.0,1.4285714285714286,9.600000000000001,0.42857142857142855,0.42341295784057004,0.9871244635193133,base_snd,Standard Normal Deviate (AID),fold2,0
1.8207370638847404,2.0,0.09583333333333334,3,0.7142857142857143,14,10,0.0,-0.8,8.399999999999999,0.5,0.6261517346741864,1.9742489270386265,base_snd,Standard Normal Deviate (AID),fold2,0
1.4912876486778277,5.0,0.2375,3,0.8571428571428571,14,12,-3.0,-3.1666666666666665,1.8000000000000007,0.6666666666666666,0.8104998407290199,4.8927038626609445,base_snd,Standard Normal Deviate (AID),fold2,0
1.2848164439201541,10.0,0.48541666666666666,3,1.0,14,14,-6.0,-4.714285714285714,6.200000000000006,0.7857142857142857,0.9312824435850119,10.0,base_snd,Standard Normal Deviate (AID),fold2,0
0.8512565195560546,20.0,0.9666666666666667,3,1.0,14,14,-14.0,-9.285714285714286,-2.599999999999998,0.9285714285714286,0.9735686089248169,19.914163090128756,base_snd,Standard Normal Deviate (AID),fold2,0
0.7283470928668977,0.25,0.010416666666666666,3,0.07142857142857142,14,1,-4.0,-4.0,-4.0,1.0,0.07142857142857142,0.2145922746781116,base_iforest,Isolation Forest,fold2,0
0.7205047905445101,0.5,0.022916666666666665,3,0.21428571428571427,14,3,-4.0,-2.6666666666666665,7.200000000000001,0.6666666666666666,0.1878543232105312,0.4721030042918455,base_iforest,Isolation Forest,fold2,0
0.7136496603488924,1.0,0.04791666666666667,3,0.21428571428571427,14,3,-4.0,-2.6666666666666665,7.200000000000001,0.6666666666666666,0.1878543232105312,0.9871244635193133,base_iforest,Isolation Forest,fold2,0
0.6986800134181976,2.0,0.09583333333333334,3,0.35714285714285715,14,5,-2.0,0.4,13.200000000000001,0.6,0.299509540350233,1.9742489270386265,base_iforest,Isolation Forest,fold2,0
0.6621105372905731,5.0,0.24166666666666667,3,0.6428571428571429,14,9,0.0,-0.8888888888888888,8.400000000000002,0.4444444444444444,0.5668638535431618,4.978540772532189,base_iforest,Isolation Forest,fold2,0
0.591208726167679,10.0,0.48333333333333334,3,0.7857142857142857,14,11,-10.0,-7.090909090909091,4.0,0.8181818181818182,0.7472284586493018,9.957081545064378,base_iforest,Isolation Forest,fold2,0
0.49510176479816453,20.0,0.9708333333333333,3,1.0,14,14,-14.0,-9.285714285714286,-2.599999999999998,0.9285714285714286,0.9735686089248169,20.0,base_iforest,Isolation Forest,fold2,0
0.01673655491322281,0.25,0.008333333333333333,3,0.07142857142857142,14,1,-14.0,-14.0,-14.0,1.0,0.07142857142857142,0.17167381974248927,deep_transformer_contrastive,Transformer (без графа) + Контрастив,fold2,0
0.012743931729346528,0.5,0.01875,3,0.21428571428571427,14,3,2.0,0.0,10.0,0.3333333333333333,0.177576547575481,0.38626609442060084,deep_transformer_contrastive,Transformer (без графа) + Контрастив,fold2,0
0.009436733555048718,1.0,0.04791666666666667,3,0.2857142857142857,14,4,2.0,-0.5,7.4,0.5,0.24634390880279192,0.9871244635193133,deep_transformer_contrastive,Transformer (без графа) + Контрастив,fold2,0
0.0073180638719350264,2.0,0.09166666666666666,3,0.2857142857142857,14,4,-4.0,-4.0,3.6000000000000014,0.75,0.2684184488039428,1.888412017167382,deep_transformer_contrastive,Transformer (без графа) + Контрастив,fold2,0
0.0048063301946967875,5.0,0.24166666666666667,3,0.6428571428571429,14,9,-8.0,-6.0,3.552713678800501e-15,0.8888888888888888,0.6055300572825149,4.978540772532189,deep_transformer_contrastive,Transformer (без графа) + Контрастив,fold2,0
0.0020747751696035474,10.0,0.48541666666666666,3,0.7857142857142857,14,11,-6.0,-6.363636363636363,2.0,0.7272727272727273,0.7510286726500229,10.0,deep_transformer_contrastive,Transformer (без графа) + Контрастив,fold2,0
0.000598543992964561,20.0,0.9708333333333333,3,1.0,14,14,-14.0,-9.285714285714286,-2.599999999999998,0.9285714285714286,0.9735686089248169,20.0,deep_transformer_contrastive,Transformer (без графа) + Контрастив,fold2,0
3.111613392829898,0.25,0.010416666666666666,3,0.0,14,0,,,,0.0,0.0,0.2145922746781116,cand_gcngru_recon,GCN+GRU (фикс. граф) + Реконструкция,fold2,0
2.6693638563156146,0.5,0.020833333333333332,3,0.0,14,0,,,,0.0,0.0,0.4291845493562232,cand_gcngru_recon,GCN+GRU (фикс. граф) + Реконструкция,fold2,0
2.17898452281952,1.0,0.04583333333333333,3,0.2857142857142857,14,4,10.0,9.5,14.200000000000001,0.0,0.1892188814577356,0.944206008583691,cand_gcngru_recon,GCN+GRU (фикс. граф) + Реконструкция,fold2,0
1.8867501616477969,2.0,0.09583333333333334,3,0.2857142857142857,14,4,2.0,0.0,9.4,0.5,0.23720835463795176,1.9742489270386265,cand_gcngru_recon,GCN+GRU (фикс. граф) + Реконструкция,fold2,0
1.327147424221039,5.0,0.24166666666666667,3,0.5,14,7,-6.0,-5.714285714285714,1.6000000000000014,0.7142857142857143,0.4879455640101992,4.978540772532189,cand_gcngru_recon,GCN+GRU (фикс. граф) + Реконструкция,fold2,0
0.31800304353237263,10.0,0.48125,3,0.7857142857142857,14,11,-8.0,-6.909090909090909,4.0,0.8181818181818182,0.7472284586493018,9.914163090128755,cand_gcngru_recon,GCN+GRU (фикс. граф) + Реконструкция,fold2,0
0.03985340334475058,20.0,0.96875,3,1.0,14,14,-14.0,-9.285714285714286,-2.599999999999998,0.9285714285714286,0.9735686089248169,19.957081545064376,cand_gcngru_recon,GCN+GRU (фикс. граф) + Реконструкция,fold2,0
3.302336335182191,0.25,0.010416666666666666,3,0.0,14,0,,,,0.0,0.0,0.2145922746781116,cand_gatlstm_recon,GAT+LSTM (обуч. внимание) + Реконструкция,fold2,0
3.1871937513351467,0.5,0.022916666666666665,3,0.0,14,0,,,,0.0,0.0,0.4721030042918455,cand_gatlstm_recon,GAT+LSTM (обуч. внимание) + Реконструкция,fold2,0
2.6390377283096336,1.0,0.04583333333333333,3,0.14285714285714285,14,2,-2.0,-2.0,7.6000000000000005,0.5,0.11642575178195977,0.944206008583691,cand_gatlstm_recon,GAT+LSTM (обуч. внимание) + Реконструкция,fold2,0
2.2977911233901986,2.0,0.09166666666666666,3,0.35714285714285715,14,5,8.0,4.8,14.4,0.2,0.26103206485684505,1.888412017167382,cand_gatlstm_recon,GAT+LSTM (обуч. внимание) + Реконструкция,fold2,0
1.8014891743659982,5.0,0.24166666666666667,3,0.7142857142857143,14,10,2.0,0.8,14.599999999999998,0.4,0.5857535674131599,4.978540772532189,cand_gatlstm_recon,GAT+LSTM (обуч. внимание) + Реконструкция,fold2,0
1.2154024243354833,10.0,0.48541666666666666,3,0.8571428571428571,14,12,-8.0,-7.5,-2.1999999999999993,0.9166666666666666,0.8307114660676741,10.0,cand_gatlstm_recon,GAT+LSTM (обуч. внимание) + Реконструкция,fold2,0
0.24191076308489157,20.0,0.9708333333333333,3,1.0,14,14,-14.0,-9.285714285714286,-2.599999999999998,0.9285714285714286,0.9735686089248169,20.0,cand_gatlstm_recon,GAT+LSTM (обуч. внимание) + Реконструкция,fold2,0
0.2622717469930649,0.25,0.010416666666666666,3,0.0,14,0,,,,0.0,0.0,0.2145922746781116,cand_gcngru_bigan,GCN+GRU (фикс. граф) + Критик BiGAN,fold2,0
0.25848932564258587,0.5,0.022916666666666665,3,0.0,14,0,,,,0.0,0.0,0.4721030042918455,cand_gcngru_bigan,GCN+GRU (фикс. граф) + Критик BiGAN,fold2,0
0.2555420845746994,1.0,0.04791666666666667,3,0.07142857142857142,14,1,14.0,14.0,14.0,0.0,0.0374033615293081,0.9871244635193133,cand_gcngru_bigan,GCN+GRU (фикс. граф) + Критик BiGAN,fold2,0
0.25067971646785736,2.0,0.09375,3,0.2857142857142857,14,4,-3.0,-2.5,7.000000000000002,0.5,0.25928289463910265,1.9313304721030042,cand_gcngru_bigan,GCN+GRU (фикс. граф) + Критик BiGAN,fold2,0
0.23652958124876022,5.0,0.24166666666666667,3,0.5714285714285714,14,8,-6.0,-6.0,-0.40000000000000213,0.875,0.5493540314274206,4.978540772532189,cand_gcngru_bigan,GCN+GRU (фикс. граф) + Критик BiGAN,fold2,0
0.22431191056966784,10.0,0.48541666666666666,3,0.8571428571428571,14,12,-12.0,-7.666666666666667,6.800000000000004,0.8333333333333334,0.8086369260665232,10.0,cand_gcngru_bigan,GCN+GRU (фикс. граф) + Критик BiGAN,fold2,0
0.19305037707090378,20.0,0.96875,3,1.0,14,14,-14.0,-9.285714285714286,-2.599999999999998,0.9285714285714286,0.9735686089248169,19.957081545064376,cand_gcngru_bigan,GCN+GRU (фикс. граф) + Критик BiGAN,fold2,0
-293.2393341064453,0.25,0.010416666666666666,3,0.14285714285714285,14,2,7.0,7.0,17.4,0.5,0.09977501878514641,0.2145922746781116,cand_hypergraph_flow,Гиперграф+Bi-GLU + Плотность (flow),fold2,0
-293.2898712158203,0.5,0.022916666666666665,3,0.21428571428571427,14,3,-6.0,0.6666666666666666,10.0,0.6666666666666666,0.18026050438645094,0.4721030042918455,cand_hypergraph_flow,Гиперграф+Bi-GLU + Плотность (flow),fold2,0
-293.47709655761713,1.0,0.04375,3,0.35714285714285715,14,5,-6.0,0.8,17.6,0.6,0.28003552317159736,0.9012875536480687,cand_hypergraph_flow,Гиперграф+Bi-GLU + Плотность (flow),fold2,0
-293.6620635986328,2.0,0.09583333333333334,3,0.5,14,7,-6.0,-5.428571428571429,3.2000000000000064,0.8571428571428571,0.46597479010073667,1.9742489270386265,cand_hypergraph_flow,Гиперграф+Bi-GLU + Плотность (flow),fold2,0
-294.11756896972656,5.0,0.24166666666666667,3,0.7142857142857143,14,10,-6.0,-3.0,8.2,0.6,0.6216307032070787,4.978540772532189,cand_hypergraph_flow,Гиперграф+Bi-GLU + Плотность (flow),fold2,0
-294.61549377441406,10.0,0.48333333333333334,3,0.8571428571428571,14,12,-14.0,-10.166666666666666,-4.199999999999999,0.9166666666666666,0.8508373206113012,9.957081545064378,cand_hypergraph_flow,Гиперграф+Bi-GLU + Плотность (flow),fold2,0
-294.86280822753906,20.0,0.9666666666666667,3,1.0,14,14,-14.0,-9.285714285714286,-2.599999999999998,0.9285714285714286,0.9735686089248169,19.914163090128756,cand_hypergraph_flow,Гиперграф+Bi-GLU + Плотность (flow),fold2,0
2.6452299356460576,0.25,0.010416666666666666,3,0.07142857142857142,14,1,-8.0,-8.0,-8.0,1.0,0.07142857142857142,0.2145922746781116,cand_gcngru_physics,GCN+GRU (фикс. граф) + Невязка LWR,fold2,0
2.2425435781478886,0.5,0.022916666666666665,3,0.14285714285714285,14,2,5.0,5.0,17.0,0.5,0.09977501878514641,0.4721030042918455,cand_gcngru_physics,GCN+GRU (фикс. граф) + Невязка LWR,fold2,0
1.887132823467255,1.0,0.04583333333333333,3,0.14285714285714285,14,2,0.0,0.0,8.0,0.5,0.11642575178195977,0.944206008583691,cand_gcngru_physics,GCN+GRU (фикс. граф) + Невязка LWR,fold2,0
1.6993440985679644,2.0,0.09166666666666666,3,0.2857142857142857,14,4,-2.0,-2.0,7.4,0.5,0.24634390880279192,1.888412017167382,cand_gcngru_physics,GCN+GRU (фикс. граф) + Невязка LWR,fold2,0
1.4011026024818443,5.0,0.24166666666666667,3,0.6428571428571429,14,9,-2.0,-1.5555555555555556,12.4,0.5555555555555556,0.5721227662476462,4.978540772532189,cand_gcngru_physics,GCN+GRU (фикс. граф) + Невязка LWR,fold2,0
1.2389265894889845,10.0,0.48125,3,1.0,14,14,-7.0,-5.0,8.800000000000004,0.7857142857142857,0.9258691418357967,9.914163090128755,cand_gcngru_physics,GCN+GRU (фикс. граф) + Невязка LWR,fold2,0
0.6861796677112593,20.0,0.9708333333333333,3,1.0,14,14,-14.0,-9.285714285714286,-2.599999999999998,0.9285714285714286,0.9735686089248169,20.0,cand_gcngru_physics,GCN+GRU (фикс. граф) + Невязка LWR,fold2,0
3.0008925199508667,0.25,0.008417508417508417,3,0.42857142857142855,7,3,14.0,13.333333333333334,17.2,0.0,0.2356969690060376,0.2145922746781116,ctrl_random,Случайный score (контроль),fold3,0
2.9250656366348275,0.5,0.018518518518518517,3,0.42857142857142855,7,3,12.0,12.666666666666666,16.8,0.0,0.24294012844720964,0.4721030042918455,ctrl_random,Случайный score (контроль),fold3,0
2.83881485462189,1.0,0.03872053872053872,3,0.5714285714285714,7,4,5.0,6.0,15.000000000000002,0.25,0.4339934585985952,0.9871244635193133,ctrl_random,Случайный score (контроль),fold3,0
2.773470044136049,2.0,0.07575757575757576,3,0.8571428571428571,7,6,-1.0,-0.6666666666666666,9.0,0.5,0.7475199219270774,1.9313304721030042,ctrl_random,Случайный score (контроль),fold3,0
2.6209121942520164,5.0,0.19528619528619529,3,0.8571428571428571,7,6,-5.0,-3.3333333333333335,9.0,0.6666666666666666,0.7601309949901892,4.978540772532189,ctrl_random,Случайный score (контроль),fold3,0
2.503340363502504,10.0,0.39057239057239057,3,1.0,7,7,-8.0,-5.428571428571429,6.400000000000002,0.7142857142857143,0.9230283458700319,9.957081545064378,ctrl_random,Случайный score (контроль),fold3,0
2.230413794517519,20.0,0.7811447811447811,3,1.0,7,7,-14.0,-8.0,6.400000000000002,0.7142857142857143,0.9230283458700319,19.914163090128756,ctrl_random,Случайный score (контроль),fold3,0
23.37892818450929,0.25,0.008417508417508417,3,0.14285714285714285,7,1,20.0,20.0,20.0,0.0,0.056692894713149984,0.2145922746781116,ctrl_untrained,GCN+GRU (фикс. граф) + Реконструкция [необучен],fold3,0
21.168396949768074,0.5,0.018518518518518517,3,0.14285714285714285,7,1,18.0,18.0,18.0,0.0,0.06218218309258029,0.4721030042918455,ctrl_untrained,GCN+GRU (фикс. граф) + Реконструкция [необучен],fold3,0
16.429999351501472,1.0,0.03872053872053872,3,0.14285714285714285,7,1,-8.0,-8.0,-8.0,1.0,0.14285714285714285,0.9871244635193133,ctrl_untrained,GCN+GRU (фикс. граф) + Реконструкция [необучен],fold3,0
13.521549701690692,2.0,0.07744107744107744,3,0.5714285714285714,7,4,0.0,1.5,15.200000000000003,0.5,0.4611554513049768,1.9742489270386265,ctrl_untrained,GCN+GRU (фикс. граф) + Реконструкция [необучен],fold3,0
8.519274234771743,5.0,0.19528619528619529,3,0.5714285714285714,7,4,-5.0,-3.5,8.200000000000001,0.5,0.49445691729860347,4.978540772532189,ctrl_untrained,GCN+GRU (фикс. граф) + Реконструкция [необучен],fold3,0
5.562789678573619,10.0,0.39225589225589225,3,0.8571428571428571,7,6,-14.0,-7.0,7.0,0.6666666666666666,0.7801712030128891,10.0,ctrl_untrained,GCN+GRU (фикс. граф) + Реконструкция [необучен],fold3,0
2.2366553544998187,20.0,0.7828282828282829,3,1.0,7,7,-14.0,-8.0,6.400000000000002,0.7142857142857143,0.9230283458700319,19.957081545064376,ctrl_untrained,GCN+GRU (фикс. граф) + Реконструкция [необучен],fold3,0
24.30800533294679,0.25,0.008417508417508417,3,0.14285714285714285,7,1,20.0,20.0,20.0,0.0,0.056692894713149984,0.2145922746781116,base_pca,PCA (линейная граница),fold3,0
23.65484714508058,0.5,0.018518518518518517,3,0.14285714285714285,7,1,20.0,20.0,20.0,0.0,0.056692894713149984,0.4721030042918455,base_pca,PCA (линейная граница),fold3,0
12.886367321014408,1.0,0.03535353535353535,3,0.14285714285714285,7,1,12.0,12.0,12.0,0.0,0.0820498824997882,0.9012875536480687,base_pca,PCA (линейная граница),fold3,0
1.702846825122851,2.0,0.07744107744107744,3,0.5714285714285714,7,4,1.0,1.5,15.600000000000001,0.5,0.43789082951364267,1.9742489270386265,base_pca,PCA (линейная граница),fold3,0
0.9423780739307459,5.0,0.1936026936026936,3,0.8571428571428571,7,6,-5.0,-2.6666666666666665,11.0,0.5,0.7193639426555346,4.935622317596566,base_pca,PCA (линейная граница),fold3,0
0.31458802521229867,10.0,0.39225589225589225,3,1.0,7,7,-14.0,-6.0,6.400000000000002,0.5714285714285714,0.9230283458700319,10.0,base_pca,PCA (линейная граница),fold3,0
0.09207731112839823,20.0,0.7828282828282829,3,1.0,7,7,-14.0,-8.0,6.400000000000002,0.7142857142857143,0.9230283458700319,19.957081545064376,base_pca,PCA (линейная граница),fold3,0
0.2494324818253533,0.25,0.008417508417508417,3,0.2857142857142857,7,2,2.0,2.0,13.200000000000001,0.5,0.21106011456502977,0.2145922746781116,base_california,California алгоритм (AID),fold3,0
0.011063496116550288,0.5,0.018518518518518517,3,0.2857142857142857,7,2,-5.0,-5.0,0.6000000000000003,0.5,0.2731032126511738,0.4721030042918455,base_california,California алгоритм (AID),fold3,0
-0.10806052014231418,1.0,0.03535353535353535,3,0.2857142857142857,7,2,-5.0,-5.0,0.6000000000000003,0.5,0.2731032126511738,0.9012875536480687,base_california,California алгоритм (AID),fold3,0
-0.2104974016547182,2.0,0.07744107744107744,3,0.2857142857142857,7,2,-13.0,-13.0,-12.2,1.0,0.2857142857142857,1.9742489270386265,base_california,California алгоритм (AID),fold3,0
-0.3594255894422519,5.0,0.19528619528619529,3,0.7142857142857143,7,5,-4.0,0.0,15.2,0.6,0.5715811233379318,4.978540772532189,base_california,California алгоритм (AID),fold3,0
-0.47392313182353746,10.0,0.38552188552188554,3,0.8571428571428571,7,6,-11.0,-5.666666666666667,8.0,0.6666666666666666,0.7722267248059007,9.82832618025751,base_california,California алгоритм (AID),fold3,0
-0.7746618688106515,20.0,0.7760942760942761,3,1.0,7,7,-14.0,-8.0,6.400000000000002,0.7142857142857143,0.9230283458700319,19.78540772532189,base_california,California алгоритм (AID),fold3,0
2.9681752920152684,0.25,0.008417508417508417,3,0.14285714285714285,7,1,4.0,4.0,4.0,0.0,0.11874827087754111,0.2145922746781116,base_snd,Standard Normal Deviate (AID),fold3,0
2.8447395563127236,0.5,0.016835016835016835,3,0.2857142857142857,7,2,-5.0,-5.0,2.2,0.5,0.261605413734684,0.4291845493562232,base_snd,Standard Normal Deviate (AID),fold3,0
2.431070685386805,1.0,0.03535353535353535,3,0.2857142857142857,7,2,-5.0,-5.0,2.2,0.5,0.261605413734684,0.9012875536480687,base_snd,Standard Normal Deviate (AID),fold3,0
2.1395879983902963,2.0,0.07575757575757576,3,0.42857142857142855,7,3,-2.0,-4.0,2.8000000000000003,0.6666666666666666,0.40446255659182684,1.9313304721030042,base_snd,Standard Normal Deviate (AID),fold3,0
1.5879963040352414,5.0,0.19528619528619529,3,0.8571428571428571,7,6,1.0,-1.3333333333333333,9.0,0.5,0.7360221230105874,4.978540772532189,base_snd,Standard Normal Deviate (AID),fold3,0
1.3312090039255255,10.0,0.39057239057239057,3,1.0,7,7,-4.0,-4.857142857142857,6.400000000000002,0.7142857142857143,0.9230283458700319,9.957081545064378,base_snd,Standard Normal Deviate (AID),fold3,0
1.0464720129969036,20.0,0.7811447811447811,3,1.0,7,7,-8.0,-5.714285714285714,6.400000000000002,0.7142857142857143,0.9230283458700319,19.914163090128756,base_snd,Standard Normal Deviate (AID),fold3,0
0.7386572659015658,0.25,0.006734006734006734,3,0.14285714285714285,7,1,6.0,6.0,6.0,0.0,0.108265469036457,0.17167381974248927,base_iforest,Isolation Forest,fold3,0
0.728694885969162,0.5,0.018518518518518517,3,0.14285714285714285,7,1,4.0,4.0,4.0,0.0,0.11874827087754111,0.4721030042918455,base_iforest,Isolation Forest,fold3,0
0.7115863859653475,1.0,0.037037037037037035,3,0.2857142857142857,7,2,10.0,10.0,14.8,0.0,0.18695124258542803,0.944206008583691,base_iforest,Isolation Forest,fold3,0
0.6916992962360384,2.0,0.07575757575757576,3,0.5714285714285714,7,4,7.0,5.5,11.4,0.25,0.43364965694124885,1.9313304721030042,base_iforest,Isolation Forest,fold3,0
0.6648564040660858,5.0,0.19528619528619529,3,0.8571428571428571,7,6,-8.0,-5.0,7.0,0.6666666666666666,0.7801712030128891,4.978540772532189,base_iforest,Isolation Forest,fold3,0
0.608204334974289,10.0,0.39225589225589225,3,1.0,7,7,-14.0,-5.714285714285714,6.400000000000002,0.5714285714285714,0.9104172728069201,10.0,base_iforest,Isolation Forest,fold3,0
0.5071583688259125,20.0,0.7828282828282829,3,1.0,7,7,-14.0,-6.571428571428571,6.400000000000002,0.7142857142857143,0.9230283458700319,19.957081545064376,base_iforest,Isolation Forest,fold3,0
0.05898470617830763,0.25,0.008417508417508417,3,0.14285714285714285,7,1,20.0,20.0,20.0,0.0,0.056692894713149984,0.2145922746781116,deep_transformer_contrastive,Transformer (без графа) + Контрастив,fold3,0
0.043634956702590044,0.5,0.018518518518518517,3,0.14285714285714285,7,1,18.0,18.0,18.0,0.0,0.06218218309258029,0.4721030042918455,deep_transformer_contrastive,Transformer (без графа) + Контрастив,fold3,0
0.009998321998864468,1.0,0.037037037037037035,3,0.2857142857142857,7,2,6.0,6.0,7.6,0.0,0.21745633373238224,0.944206008583691,deep_transformer_contrastive,Transformer (без графа) + Контрастив,fold3,0
0.006334065226838005,2.0,0.07744107744107744,3,0.7142857142857143,7,5,2.0,1.6,13.600000000000001,0.4,0.5914015210990078,1.9742489270386265,deep_transformer_contrastive,Transformer (без графа) + Контрастив,fold3,0
0.0039788519497961205,5.0,0.1936026936026936,3,0.8571428571428571,7,6,-5.0,-4.0,7.0,0.5,0.7560623310332873,4.935622317596566,deep_transformer_contrastive,Transformer (без графа) + Контрастив,fold3,0
0.002256159787066359,10.0,0.39057239057239057,3,1.0,7,7,-8.0,-5.142857142857143,6.400000000000002,0.5714285714285714,0.9230283458700319,9.957081545064378,deep_transformer_contrastive,Transformer (без графа) + Контрастив,fold3,0
0.0007327263883780881,20.0,0.7828282828282829,3,1.0,7,7,-14.0,-6.285714285714286,6.400000000000002,0.7142857142857143,0.9230283458700319,19.957081545064376,deep_transformer_contrastive,Transformer (без графа) + Контрастив,fold3,0
3.8918105363845834,0.25,0.006734006734006734,3,0.14285714285714285,7,1,12.0,12.0,12.0,0.0,0.0820498824997882,0.17167381974248927,cand_gcngru_recon,GCN+GRU (фикс. граф) + Реконструкция,fold3,0
3.7463644742965716,0.5,0.016835016835016835,3,0.14285714285714285,7,1,12.0,12.0,12.0,0.0,0.0820498824997882,0.4291845493562232,cand_gcngru_recon,GCN+GRU (фикс. граф) + Реконструкция,fold3,0
2.3345929384231576,1.0,0.03872053872053872,3,0.2857142857142857,7,2,-3.0,-3.0,4.2,0.5,0.25112261189359986,0.9871244635193133,cand_gcngru_recon,GCN+GRU (фикс. граф) + Реконструкция,fold3,0
1.920583784580232,2.0,0.07744107744107744,3,0.2857142857142857,7,2,-6.0,-6.0,0.40000000000000036,0.5,0.2731032126511738,1.9742489270386265,cand_gcngru_recon,GCN+GRU (фикс. граф) + Реконструкция,fold3,0
1.3609089255332982,5.0,0.19528619528619529,3,0.2857142857142857,7,2,-14.0,-14.0,-14.0,1.0,0.2857142857142857,4.978540772532189,cand_gcngru_recon,GCN+GRU (фикс. граф) + Реконструкция,fold3,0
0.49182058870792406,10.0,0.3888888888888889,3,0.8571428571428571,7,6,-8.0,-5.0,7.0,0.6666666666666666,0.7801712030128891,9.914163090128755,cand_gcngru_recon,GCN+GRU (фикс. граф) + Реконструкция,fold3,0
0.12427199259400554,20.0,0.7811447811447811,3,1.0,7,7,-14.0,-8.0,6.400000000000002,0.7142857142857143,0.9230283458700319,19.914163090128756,cand_gcngru_recon,GCN+GRU (фикс. граф) + Реконструкция,fold3,0
5.824420213699344,0.25,0.006734006734006734,3,0.14285714285714285,7,1,10.0,10.0,10.0,0.0,0.08999436070677666,0.17167381974248927,cand_gatlstm_recon,GAT+LSTM (обуч. внимание) + Реконструкция,fold3,0
5.133013963699346,0.5,0.018518518518518517,3,0.14285714285714285,7,1,10.0,10.0,10.0,0.0,0.08999436070677666,0.4721030042918455,cand_gatlstm_recon,GAT+LSTM (обуч. внимание) + Реконструкция,fold3,0
2.9168602228164726,1.0,0.03872053872053872,3,0.14285714285714285,7,1,8.0,8.0,8.0,0.0,0.09870806285484114,0.9871244635193133,cand_gatlstm_recon,GAT+LSTM (обуч. внимание) + Реконструкция,fold3,0
2.304646849632273,2.0,0.07407407407407407,3,0.2857142857142857,7,2,-4.0,-4.0,2.4000000000000004,0.5,0.261605413734684,1.888412017167382,cand_gatlstm_recon,GAT+LSTM (обуч. внимание) + Реконструкция,fold3,0
1.8429082036018438,5.0,0.19528619528619529,3,0.42857142857142855,7,3,-14.0,-3.3333333333333335,11.600000000000001,0.6666666666666666,0.34789646880686603,4.978540772532189,cand_gatlstm_recon,GAT+LSTM (обуч. внимание) + Реконструкция,fold3,0
1.381985247135171,10.0,0.3888888888888889,3,0.8571428571428571,7,6,-8.0,-3.6666666666666665,11.0,0.6666666666666666,0.7434728146351363,9.914163090128755,cand_gatlstm_recon,GAT+LSTM (обуч. внимание) + Реконструкция,fold3,0
0.8366533815860784,20.0,0.7828282828282829,3,1.0,7,7,-14.0,-8.0,6.400000000000002,0.7142857142857143,0.9230283458700319,19.957081545064376,cand_gatlstm_recon,GAT+LSTM (обуч. внимание) + Реконструкция,fold3,0
0.347329005599022,0.25,0.008417508417508417,3,0.0,7,0,,,,0.0,0.0,0.2145922746781116,cand_gcngru_bigan,GCN+GRU (фикс. граф) + Критик BiGAN,fold3,0
0.3439470678567888,0.5,0.018518518518518517,3,0.0,7,0,,,,0.0,0.0,0.4721030042918455,cand_gcngru_bigan,GCN+GRU (фикс. граф) + Критик BiGAN,fold3,0
0.33919794857502,1.0,0.03872053872053872,3,0.14285714285714285,7,1,-8.0,-8.0,-8.0,1.0,0.14285714285714285,0.9871244635193133,cand_gcngru_bigan,GCN+GRU (фикс. граф) + Критик BiGAN,fold3,0
0.3354457169771195,2.0,0.07744107744107744,3,0.42857142857142855,7,3,14.0,6.0,17.2,0.3333333333333333,0.2798460490083393,1.9742489270386265,cand_gcngru_bigan,GCN+GRU (фикс. граф) + Критик BiGAN,fold3,0
0.32645200192928325,5.0,0.19528619528619529,3,0.5714285714285714,7,4,-14.0,-7.0,5.600000000000005,0.75,0.5033781516300447,4.978540772532189,cand_gcngru_bigan,GCN+GRU (фикс. граф) + Критик BiGAN,fold3,0
0.31483943760395056,10.0,0.39225589225589225,3,0.8571428571428571,7,6,-14.0,-4.666666666666667,14.0,0.6666666666666666,0.7268295289965626,10.0,cand_gcngru_bigan,GCN+GRU (фикс. граф) + Критик BiGAN,fold3,0
0.2566202133893968,20.0,0.7811447811447811,3,1.0,7,7,-14.0,-8.0,6.400000000000002,0.7142857142857143,0.9230283458700319,19.914163090128756,cand_gcngru_bigan,GCN+GRU (фикс. граф) + Критик BiGAN,fold3,0
-287.1901397705078,0.25,0.008417508417508417,3,0.14285714285714285,7,1,12.0,12.0,12.0,0.0,0.0820498824997882,0.2145922746781116,cand_hypergraph_flow,Гиперграф+Bi-GLU + Плотность (flow),fold3,0
-291.0727386474609,0.5,0.018518518518518517,3,0.14285714285714285,7,1,10.0,10.0,10.0,0.0,0.08999436070677666,0.4721030042918455,cand_hypergraph_flow,Гиперграф+Bi-GLU + Плотность (flow),fold3,0
-294.36805725097656,1.0,0.037037037037037035,3,0.14285714285714285,7,1,8.0,8.0,8.0,0.0,0.09870806285484114,0.944206008583691,cand_hypergraph_flow,Гиперграф+Bi-GLU + Плотность (flow),fold3,0
-295.3098907470703,2.0,0.07407407407407407,3,0.5714285714285714,7,4,3.0,4.0,17.0,0.5,0.4324015411342124,1.888412017167382,cand_hypergraph_flow,Гиперграф+Bi-GLU + Плотность (flow),fold3,0
-296.45191955566406,5.0,0.19528619528619529,3,0.7142857142857143,7,5,-10.0,-4.8,7.6000000000000005,0.6,0.6373140601557463,4.978540772532189,cand_hypergraph_flow,Гиперграф+Bi-GLU + Плотность (flow),fold3,0
-297.23158264160156,10.0,0.39057239057239057,3,1.0,7,7,-2.0,-3.142857142857143,8.8,0.5714285714285714,0.8788792658677302,9.957081545064378,cand_hypergraph_flow,Гиперграф+Bi-GLU + Плотность (flow),fold3,0
-297.86512756347656,20.0,0.7845117845117845,3,1.0,7,7,-14.0,-8.0,6.400000000000002,0.7142857142857143,0.9230283458700319,20.0,cand_hypergraph_flow,Гиперграф+Bi-GLU + Плотность (flow),fold3,0
2.6680582761764526,0.25,0.005050505050505051,3,0.0,7,0,,,,0.0,0.0,0.12875536480686695,cand_gcngru_physics,GCN+GRU (фикс. граф) + Невязка LWR,fold3,0
2.58286464214325,0.5,0.018518518518518517,3,0.0,7,0,,,,0.0,0.0,0.4721030042918455,cand_gcngru_physics,GCN+GRU (фикс. граф) + Невязка LWR,fold3,0
2.531997084617615,1.0,0.037037037037037035,3,0.0,7,0,,,,0.0,0.0,0.944206008583691,cand_gcngru_physics,GCN+GRU (фикс. граф) + Невязка LWR,fold3,0
2.066248059272768,2.0,0.07575757575757576,3,0.14285714285714285,7,1,-8.0,-8.0,-8.0,1.0,0.14285714285714285,1.9313304721030042,cand_gcngru_physics,GCN+GRU (фикс. граф) + Невязка LWR,fold3,0
1.3801171183586134,5.0,0.19528619528619529,3,0.42857142857142855,7,3,-8.0,-0.6666666666666666,14.400000000000002,0.6666666666666666,0.34240718042743573,4.978540772532189,cand_gcngru_physics,GCN+GRU (фикс. граф) + Невязка LWR,fold3,0
1.124018371105194,10.0,0.39225589225589225,3,0.7142857142857143,7,5,-14.0,-6.8,6.8000000000000025,0.8,0.6336107545211517,10.0,cand_gcngru_physics,GCN+GRU (фикс. граф) + Невязка LWR,fold3,0
0.8711778819561005,20.0,0.7845117845117845,3,1.0,7,7,-10.0,-6.285714285714286,6.400000000000002,0.7142857142857143,0.9230283458700319,20.0,cand_gcngru_physics,GCN+GRU (фикс. граф) + Невязка LWR,fold3,0
