config,label,group,group_label,encoder,head,encoder_label,head_label,mechanism,baseline,dataset,seed,block,rationale,n_params,hidden,budget_within_tolerance,epochs_run,train_seconds,inference_ms_per_window,best_val_loss,uses_graph,threshold,alarm_budget_per_hour,fpr_observed,persistence,event_recall,n_events,n_detected,median_delay_min,mean_delay_min,p90_delay_min,earlier_than_report_share,padf,alarms_per_hour,average_precision,prevalence,roc_auc_reference_only,pa_f1_INVALID_for_ranking,f1_oracle_threshold_upper_bound,oracle_threshold,f1_at_fpr_threshold,pa_inflation_ratio,ap_lift_over_random,physics_correction_share
ctrl_random,Случайный score (контроль),control,Протокольный контроль,,,,,none,random,fold0,0,fold0|s0,"Случайный score. Kim et al. (2021): при point-adjustment он выходит на уровень SOTA. Если здесь он попадает в верхнюю половину по основной метрике — метрика выбрана неверно и остальная таблица недействительна. Ожидается AP≈prevalence, padf≈0.",0,,True,0,1.1180000001331791e-06,0.00257828183112387,,False,3.0241369009017953,0.25,0.008264462809917356,3,0.07142857142857142,14,1,16.0,16.0,16.0,0.0,0.03410148585394345,0.17167381974248927,0.33549678474590655,0.30758226037195996,0.5454353257735922,0.8763102725366876,0.4219858156028369,2.7029411792755127,0.2857142857142857,3.0670859538784065,1.0907546629645986,
ctrl_untrained,GCN+GRU (фикс. граф) + Реконструкция [необучен],control,Протокольный контроль,gcn_gru,recon,GCN+GRU (фикс. граф),Реконструкция,reconstruction,,fold0,0,fold0|s0,Та же архитектура со случайными весами. У Kim et al. необученная модель оказалась сравнима с опубликованными методами даже без PA. Разность «обученная − эта» — измеренный вклад обучения.,156774,152.0,True,0,4.1699991015775595e-07,3.448979057224537,,True,16.68994617462159,0.25,0.010330578512396695,3,0.14285714285714285,14,2,1.0,1.0,3.4000000000000004,0.5,0.130802706867342,0.2145922746781116,0.4918887518534023,0.30758226037195996,0.6858158754564674,0.7196652719665272,0.5169082125603864,7.700170516967773,0.14107883817427386,5.1011567807039135,1.5992104071885032,
base_pca,PCA (линейная граница),control,Протокольный контроль,,,,,none,pca,fold0,0,fold0|s0,Линейная нижняя граница. Sehili et al. (2023): PCA превосходит многие DL-подходы; Alves et al. (2026) подтвердили на SMD без point-adjustment. Если ST-GNN не отрывается от PCA значимо — это и есть результат.,602112,,True,0,0.6698522590000948,0.11500643633751181,,False,3.220371127128603,0.25,0.010330578512396695,3,0.14285714285714285,14,2,-8.0,-8.0,-3.1999999999999997,1.0,0.14285714285714285,0.2145922746781116,0.47586051226764003,0.30758226037195996,0.6843936190659234,0.7122153209109731,0.5061728395061729,0.8128732442855835,0.1693548387096774,4.205461894902889,1.5470999910468854,
base_california,California алгоритм (AID),baseline,Бейзлайн,,,,,none,california,fold0,0,fold0|s0,"Канонический AID-алгоритм по пространственным разностям занятости. Обязателен для транспортного журнала: без него работа читается как ML-статья про трафик, а не как вклад в автоматическое обнаружение инцидентов.",3,,True,0,0.009784198999909677,0.00470730901285758,,True,0.08898957446217874,0.25,0.010330578512396695,3,0.07142857142857142,14,1,10.0,10.0,10.0,0.0,0.04499718035338833,0.2145922746781116,0.35879600947063295,0.30758226037195996,0.6131030174899097,0.8333333333333334,0.4645390070921986,-0.39823079109191895,0.21604938271604937,3.8571428571428577,1.166504235441732,
base_snd,Standard Normal Deviate (AID),baseline,Бейзлайн,,,,,none,snd,fold0,0,fold0|s0,"Standard Normal Deviate — классический статистический контроль на детекторе. Вторая доменная точка отсчёта, не использующая пространственную структуру вообще.",3,,True,0,0.019315425999934632,0.024015180257572523,,False,2.558535933494591,0.25,0.010330578512396695,3,0.2857142857142857,14,4,4.0,3.5,9.4,0.25,0.23720835463795176,0.2145922746781116,0.40153296114377834,0.30758226037195996,0.6064241783586393,0.8708333333333333,0.46099290780141844,1.521681547164917,0.3072100313479624,2.8346513605442176,1.3054490225093072,
base_iforest,Isolation Forest,baseline,Бейзлайн,,,,,none,iforest,fold0,0,fold0|s0,"Adaptive Isolation Forest даёт 71–100% detection rate на реальных городских событиях (J. Intelligent Transportation Systems, 2025). Включён как сильный неглубокий конкурент, а не для контраста.",150,,True,0,0.391780160000053,0.9312365407725719,,False,0.6904944479465487,0.25,0.010330578512396695,3,0.2857142857142857,14,4,12.0,12.0,17.6,0.0,0.16977046529513376,0.2145922746781116,0.48863521456492454,0.30758226037195996,0.7045550643859312,0.7908045977011494,0.5447761194029851,0.6242719292640686,0.23487544483985764,3.3669104841518633,1.588632627818057,
deep_transformer_contrastive,Transformer (без графа) + Контрастив,non_graph,Без графа,transformer,contrastive,Transformer (без графа),Контрастив,representation-discrepancy,,fold0,0,fold0|s0,"TransDe-подобная связка: мультимасштабный контрастив поверх внимания, без графа. Лидирует на четырёх MTSAD-бенчмарках из пяти. Если обходит графовые модели — физический prior коридора не нужен.",159840,96.0,True,12,273.099659974,3.364809971387522,0.0006495129666291178,False,0.03194934688508512,0.25,0.006198347107438017,3,0.0,14,0,,,,0.0,0.0,0.12875536480686695,0.4489000204748691,0.30758226037195996,0.6721026330962906,0.718978102189781,0.5046728971962616,0.007679767906665802,0.02643171806167401,27.20133819951338,1.4594470433113185,
cand_gcngru_recon,GCN+GRU (фикс. граф) + Реконструкция,candidate,Кандидат,gcn_gru,recon,GCN+GRU (фикс. граф),Реконструкция,reconstruction,,fold0,0,fold0|s0,"РЕФЕРЕНС. Бенчмарк FT-AED (Coursey et al., 2024): unsupervised графовые автоэнкодеры — лучшее семейство на этих данных, а игнорирование пространственных связей ухудшает качество. Все остальные кандидаты сравниваются с этой точкой.",156774,152.0,True,12,108.44732404399997,3.075942957081402,0.09254349619150162,True,1.9614854454994228,0.25,0.010330578512396695,3,0.42857142857142855,14,6,-3.0,-0.3333333333333333,10.0,0.6666666666666666,0.3757086464210624,0.2145922746781116,0.6120711529505002,0.30758226037195996,0.7512204497405344,0.7521008403361344,0.5985663082437276,0.8046456575393677,0.3719298245614035,2.0221579197716824,1.9899429577320913,
cand_gatlstm_recon,GAT+LSTM (обуч. внимание) + Реконструкция,candidate,Кандидат,gat_lstm,recon,GAT+LSTM (обуч. внимание),Реконструкция,reconstruction,,fold0,0,fold0|s0,"Обучаемое внимание вместо фиксированного графа при той же голове. В работе «Toward explainable automatic incident detection» (2025) GAT+LSTM — лучшая пара пространственного и временного модуля. Проверяет, размывает ли фиксированное сглаживание сам сигнал аномалии.",148864,160.0,True,12,317.48167842600014,9.338476766809725,0.14000942558050156,True,2.9099024534225464,0.25,0.010330578512396695,3,0.2857142857142857,14,4,5.0,5.5,13.4,0.5,0.22128544563634506,0.2145922746781116,0.5391718815524686,0.30758226037195996,0.7040361330001922,0.7015945330296127,0.5447761194029851,1.7077363729476929,0.2595419847328244,2.703202465496449,1.7529355590938398,
cand_gcngru_bigan,GCN+GRU (фикс. граф) + Критик BiGAN,candidate,Кандидат,gcn_gru,bigan,GCN+GRU (фикс. граф),Критик BiGAN,discriminator,,fold0,0,fold0|s0,"Тот же энкодер, механизм score — критик. CCB-GraphGAN (Nouri et al., 2026) на FT-AED: −5 мин к задержке при FPR 1%. Одновременно проверяет открытый пробел: при D*=1/2 выход критика не несёт информации об аномалии (см. абляцию cycle vs critic).",150391,120.0,True,5,56.877609494000126,2.005695314735252,1.5216819286346435,True,0.253879651427269,0.25,0.010330578512396695,3,0.14285714285714285,14,2,0.0,0.0,1.6,0.5,0.1365516063255869,0.2145922746781116,0.4779426348633186,0.30758226037195996,0.6559388814145686,0.7397849462365591,0.5168539325842697,0.17622177302837372,0.16393442622950818,4.512688172043011,1.5538693105556265,
cand_hypergraph_flow,Гиперграф+Bi-GLU + Плотность (flow),candidate,Кандидат,hypergraph,flow,Гиперграф+Bi-GLU,Плотность (flow),density,,fold0,0,fold0|s0,"DHMPN-подобная связка: направленный гиперграф + нормализующий поток. Явная плотность вместо эвристики, дешевле трансформеров, заявлено превосходство над SOTA-графами. Единственный кандидат с калиброванным вероятностным score — нужен для safety-валидатора в контуре устранения.",154440,104.0,True,12,94.18082280600015,2.0312986223175664,-286.4479919433594,True,-282.32362365722656,0.25,0.010330578512396695,3,0.21428571428571427,14,3,4.0,6.666666666666667,12.0,0.0,0.16190053186509412,0.2145922746781116,0.4470360348227892,0.30758226037195996,0.6454449356140688,0.7908745247148289,0.48114901256732495,-284.9251403808594,0.18823529411764706,4.201520912547529,1.453386922516882,
cand_gcngru_physics,GCN+GRU (фикс. граф) + Невязка LWR,candidate,Кандидат,gcn_gru,physics,GCN+GRU (фикс. граф),Невязка LWR,physical-residual,,fold0,0,fold0|s0,"Невязка закона сохранения LWR как score. НЕЗАНЯТАЯ НИША: physics-informed подход применён к обнаружению заторов и к генерации, но не как голова детектора. Единственный механизм, чей score не зависит от обученного генератора, то есть структурно невосприимчив к циркулярности оценки.",153068,152.0,True,12,108.9405594509999,2.8161566108728207,0.18840429186820984,True,2.981857895851136,0.25,0.010330578512396695,3,0.07142857142857142,14,1,-14.0,-14.0,-14.0,1.0,0.07142857142857142,0.2145922746781116,0.29537395863340077,0.30758226037195996,0.5061118585431482,0.5814360770577933,0.3900709219858156,1.8784583806991577,0.06639004149377593,8.757880910683012,0.9603088236499866,0.443484105623477
ctrl_random,Случайный score (контроль),control,Протокольный контроль,,,,,none,random,fold1,0,fold1|s0,"Случайный score. Kim et al. (2021): при point-adjustment он выходит на уровень SOTA. Если здесь он попадает в верхнюю половину по основной метрике — метрика выбрана неверно и остальная таблица недействительна. Ожидается AP≈prevalence, padf≈0.",0,,True,0,1.2040000001434237e-06,0.0028555751075077,,False,3.0211070775985727,0.25,0.009208103130755065,3,0.2222222222222222,9,2,-10.0,-10.0,-10.0,1.0,0.2222222222222222,0.2145922746781116,0.2628761098543352,0.22317596566523606,0.5293478774141758,0.8727272727272727,0.3366733466933868,2.713137149810791,0.26198083067092653,3.331263858093126,1.1778871845396173,
ctrl_untrained,GCN+GRU (фикс. граф) + Реконструкция [необучен],control,Протокольный контроль,gcn_gru,recon,GCN+GRU (фикс. граф),Реконструкция,reconstruction,,fold1,0,fold1|s0,Та же архитектура со случайными весами. У Kim et al. необученная модель оказалась сравнима с опубликованными методами даже без PA. Разность «обученная − эта» — измеренный вклад обучения.,156774,152.0,True,0,5.139997938385932e-07,2.3910121616598046,,True,21.40765476226807,0.25,0.009208103130755065,3,0.0,9,0,,,,0.0,0.0,0.2145922746781116,0.22396011598145757,0.22317596566523606,0.5353331444491666,0.5185185185185185,0.3722772277227723,7.079939365386963,0.0,inf,1.0035135966092232,
base_pca,PCA (линейная граница),control,Протокольный контроль,,,,,none,pca,fold1,0,fold1|s0,Линейная нижняя граница. Sehili et al. (2023): PCA превосходит многие DL-подходы; Alves et al. (2026) подтвердили на SMD без point-adjustment. Если ST-GNN не отрывается от PCA значимо — это и есть результат.,602112,,True,0,1.642156913000008,0.11477865522177884,,False,5.383023500442507,0.25,0.009208103130755065,3,0.0,9,0,,,,0.0,0.0,0.2145922746781116,0.24091373494056081,0.22317596566523606,0.5775251452047032,0.5011600928074246,0.3659043659043659,0.9603312015533447,0.024096385542168676,20.79814385150812,1.079478850791359,
base_california,California алгоритм (AID),baseline,Бейзлайн,,,,,none,california,fold1,0,fold1|s0,"Канонический AID-алгоритм по пространственным разностям занятости. Обязателен для транспортного журнала: без него работа читается как ML-статья про трафик, а не как вклад в автоматическое обнаружение инцидентов.",3,,True,0,0.013044494999803646,0.005308125894176745,,True,0.1707897558808406,0.25,0.009208103130755065,3,0.0,9,0,,,,0.0,0.0,0.2145922746781116,0.2524243199735524,0.22317596566523606,0.5764626717665392,0.7624309392265194,0.3564356435643564,-0.33874812722206116,0.10232558139534884,7.451029633350076,1.1310551260353405,
base_snd,Standard Normal Deviate (AID),baseline,Бейзлайн,,,,,none,snd,fold1,0,fold1|s0,"Standard Normal Deviate — классический статистический контроль на детекторе. Вторая доменная точка отсчёта, не использующая пространственную структуру вообще.",3,,True,0,0.032251216000076965,0.022795942775113293,,False,3.196703553199783,0.25,0.009208103130755065,3,0.2222222222222222,9,2,-2.0,-2.0,2.8000000000000003,0.5,0.20347087734919864,0.2145922746781116,0.2859294384104215,0.22317596566523606,0.5883269584927043,0.7850467289719626,0.3722772277227723,1.5889090299606323,0.22784810126582278,3.445482866043614,1.2811838298005425,
base_iforest,Isolation Forest,baseline,Бейзлайн,,,,,none,iforest,fold1,0,fold1|s0,"Adaptive Isolation Forest даёт 71–100% detection rate на реальных городских событиях (J. Intelligent Transportation Systems, 2025). Включён как сильный неглубокий конкурент, а не для контраста.",150,,True,0,0.43887142299990956,0.9548995922745032,,False,0.7381905615329745,0.25,0.009208103130755065,3,0.1111111111111111,9,1,0.0,0.0,0.0,0.0,0.1111111111111111,0.2145922746781116,0.32956044486593095,0.22317596566523606,0.628712754403362,0.602510460251046,0.40562248995983935,0.6481412053108215,0.1711229946524064,3.5209205020920504,1.4766843010338828,
deep_transformer_contrastive,Transformer (без графа) + Контрастив,non_graph,Без графа,transformer,contrastive,Transformer (без графа),Контрастив,representation-discrepancy,,fold1,0,fold1|s0,"TransDe-подобная связка: мультимасштабный контрастив поверх внимания, без графа. Лидирует на четырёх MTSAD-бенчмарках из пяти. Если обходит графовые модели — физический prior коридора не нужен.",159840,96.0,True,12,384.05534594000005,3.5117326394847024,0.00041417477041250095,False,0.031136202625930313,0.25,0.0055248618784530384,3,0.0,9,0,,,,0.0,0.0,0.12875536480686695,0.22774530126781725,0.22317596566523606,0.5549770977947773,0.5567010309278351,0.3287128712871287,0.007008821703493595,0.0,inf,1.0204741383731042,
cand_gcngru_recon,GCN+GRU (фикс. граф) + Реконструкция,candidate,Кандидат,gcn_gru,recon,GCN+GRU (фикс. граф),Реконструкция,reconstruction,,fold1,0,fold1|s0,"РЕФЕРЕНС. Бенчмарк FT-AED (Coursey et al., 2024): unsupervised графовые автоэнкодеры — лучшее семейство на этих данных, а игнорирование пространственных связей ухудшает качество. Все остальные кандидаты сравниваются с этой точкой.",156774,152.0,True,12,143.15136501899997,2.2675796881256804,0.06400492321699858,True,3.2182527780532872,0.25,0.007366482504604052,3,0.0,9,0,,,,0.0,0.0,0.17167381974248927,0.2963744003039392,0.22317596566523606,0.6543891958256599,0.6176470588235294,0.482897384305835,0.9711297750473022,0.011764705882352941,52.5,1.3279852936695735,
cand_gatlstm_recon,GAT+LSTM (обуч. внимание) + Реконструкция,candidate,Кандидат,gat_lstm,recon,GAT+LSTM (обуч. внимание),Реконструкция,reconstruction,,fold1,0,fold1|s0,"Обучаемое внимание вместо фиксированного графа при той же голове. В работе «Toward explainable automatic incident detection» (2025) GAT+LSTM — лучшая пара пространственного и временного модуля. Проверяет, размывает ли фиксированное сглаживание сам сигнал аномалии.",148864,160.0,True,12,194.945005821,2.5348664177398,0.10243999026715755,True,3.793763041496278,0.25,0.009208103130755065,3,0.1111111111111111,9,1,4.0,4.0,4.0,0.0,0.09235976623808753,0.2145922746781116,0.25954516232438135,0.22317596566523606,0.5957524672994285,0.6486486486486487,0.3722772277227723,1.6077038049697876,0.05714285714285714,11.351351351351353,1.1629619773380933,
cand_gcngru_bigan,GCN+GRU (фикс. граф) + Критик BiGAN,candidate,Кандидат,gcn_gru,bigan,GCN+GRU (фикс. граф),Критик BiGAN,discriminator,,fold1,0,fold1|s0,"Тот же энкодер, механизм score — критик. CCB-GraphGAN (Nouri et al., 2026) на FT-AED: −5 мин к задержке при FPR 1%. Одновременно проверяет открытый пробел: при D*=1/2 выход критика не несёт информации об аномалии (см. абляцию cycle vs critic).",150391,120.0,True,8,116.1771809400002,2.4253730886984015,1.4070797562599182,True,0.4955369085073472,0.25,0.007366482504604052,3,0.0,9,0,,,,0.0,0.0,0.17167381974248927,0.30463088366644925,0.22317596566523606,0.6443311139443736,0.6428571428571429,0.41188118811881186,0.4488792419433594,0.055865921787709494,11.507142857142858,1.3649806902746668,
cand_hypergraph_flow,Гиперграф+Bi-GLU + Плотность (flow),candidate,Кандидат,hypergraph,flow,Гиперграф+Bi-GLU,Плотность (flow),density,,fold1,0,fold1|s0,"DHMPN-подобная связка: направленный гиперграф + нормализующий поток. Явная плотность вместо эвристики, дешевле трансформеров, заявлено превосходство над SOTA-графами. Единственный кандидат с калиброванным вероятностным score — нужен для safety-валидатора в контуре устранения.",154440,104.0,True,12,108.26579581199985,2.0036933547922304,-289.3016662597656,True,-281.26274108886713,0.25,0.009208103130755065,3,0.1111111111111111,9,1,16.0,16.0,16.0,0.0,0.05304675577280092,0.2145922746781116,0.2197181792179371,0.22317596566523606,0.5350852339802616,0.5793103448275863,0.33663366336633666,-286.6628112792969,0.0425531914893617,13.613793103448277,0.984506456880372,
cand_gcngru_physics,GCN+GRU (фикс. граф) + Невязка LWR,candidate,Кандидат,gcn_gru,physics,GCN+GRU (фикс. граф),Невязка LWR,physical-residual,,fold1,0,fold1|s0,"Невязка закона сохранения LWR как score. НЕЗАНЯТАЯ НИША: physics-informed подход применён к обнаружению заторов и к генерации, но не как голова детектора. Единственный механизм, чей score не зависит от обученного генератора, то есть структурно невосприимчив к циркулярности оценки.",153068,152.0,True,12,143.19770282700028,2.882505276108931,0.15704995766282082,True,2.933815598487856,0.25,0.009208103130755065,3,0.0,9,0,,,,0.0,0.0,0.2145922746781116,0.2555548571930687,0.22317596566523606,0.5407753695046512,0.6206896551724138,0.30495049504950494,1.561981201171875,0.023668639053254437,26.224137931034484,1.145082340884327,0.47014827641739326
ctrl_random,Случайный score (контроль),control,Протокольный контроль,,,,,none,random,fold2,0,fold2|s0,"Случайный score. Kim et al. (2021): при point-adjustment он выходит на уровень SOTA. Если здесь он попадает в верхнюю половину по основной метрике — метрика выбрана неверно и остальная таблица недействительна. Ожидается AP≈prevalence, padf≈0.",0,,True,0,1.2549999155453406e-06,0.0025728855508663846,,False,3.0211070775985727,0.25,0.008333333333333333,3,0.14285714285714285,14,2,7.0,7.0,17.4,0.5,0.09977501878514641,0.17167381974248927,0.34790683299594816,0.3133047210300429,0.5268645357686453,0.8673267326732673,0.41901408450704225,2.7029411792755127,0.26063829787234044,3.3277025661749846,1.110442357370629,
ctrl_untrained,GCN+GRU (фикс. граф) + Реконструкция [необучен],control,Протокольный контроль,gcn_gru,recon,GCN+GRU (фикс. граф),Реконструкция,reconstruction,,fold2,0,fold2|s0,Та же архитектура со случайными весами. У Kim et al. необученная модель оказалась сравнима с опубликованными методами даже без PA. Разность «обученная − эта» — измеренный вклад обучения.,156774,152.0,True,0,3.879999894706998e-07,2.375729626609569,,True,20.40889263153076,0.25,0.008333333333333333,3,0.07142857142857142,14,1,-14.0,-14.0,-14.0,1.0,0.07142857142857142,0.17167381974248927,0.42084701436474653,0.3133047210300429,0.6431601978691021,0.6,0.4981949458483754,4.832724094390869,0.04291845493562232,13.979999999999999,1.3432514294107663,
base_pca,PCA (линейная граница),control,Протокольный контроль,,,,,none,pca,fold2,0,fold2|s0,Линейная нижняя граница. Sehili et al. (2023): PCA превосходит многие DL-подходы; Alves et al. (2026) подтвердили на SMD без point-adjustment. Если ST-GNN не отрывается от PCA значимо — это и есть результат.,602112,,True,0,1.5540563139998085,0.05389778683864862,,False,4.794536828994762,0.25,0.010416666666666666,3,0.14285714285714285,14,2,-14.0,-14.0,-14.0,1.0,0.14285714285714285,0.2145922746781116,0.47625614927689053,0.3133047210300429,0.6685787671232877,0.5989847715736041,0.5,0.3368767201900482,0.203125,2.9488481062085126,1.520105243582404,
base_california,California алгоритм (AID),baseline,Бейзлайн,,,,,none,california,fold2,0,fold2|s0,"Канонический AID-алгоритм по пространственным разностям занятости. Обязателен для транспортного журнала: без него работа читается как ML-статья про трафик, а не как вклад в автоматическое обнаружение инцидентов.",3,,True,0,0.033198572999936005,0.00482254649529499,,True,0.17500001937151122,0.25,0.010416666666666666,3,0.2857142857142857,14,4,5.0,4.5,7.4,0.0,0.23428947281299103,0.2145922746781116,0.3660399379693922,0.3133047210300429,0.5873382800608828,0.8752834467120182,0.4412296564195298,-0.23846976459026337,0.3106267029972752,2.8177984644150063,1.1683192540666902,
base_snd,Standard Normal Deviate (AID),baseline,Бейзлайн,,,,,none,snd,fold2,0,fold2|s0,"Standard Normal Deviate — классический статистический контроль на детекторе. Вторая доменная точка отсчёта, не использующая пространственную структуру вообще.",3,,True,0,0.03859491100001833,0.020723633762036283,,False,2.6016532182693703,0.25,0.008333333333333333,3,0.35714285714285715,14,5,4.0,3.6,10.4,0.2,0.29261025097322807,0.17167381974248927,0.37082450291048175,0.3133047210300429,0.5796090182648401,0.7784679089026915,0.4471830985915493,1.6499226093292236,0.3333333333333333,2.3354037267080745,1.1835905366868802,
base_iforest,Isolation Forest,baseline,Бейзлайн,,,,,none,iforest,fold2,0,fold2|s0,"Adaptive Isolation Forest даёт 71–100% detection rate на реальных городских событиях (J. Intelligent Transportation Systems, 2025). Включён как сильный неглубокий конкурент, а не для контраста.",150,,True,0,0.43531678300041676,0.9183450014303977,,False,0.7283470928668977,0.25,0.010416666666666666,3,0.07142857142857142,14,1,-4.0,-4.0,-4.0,1.0,0.07142857142857142,0.2145922746781116,0.4343062166820064,0.3133047210300429,0.6255136986301371,0.688715953307393,0.4964788732394366,0.6228490471839905,0.15625,4.4077821011673155,1.3862102532453082,
deep_transformer_contrastive,Transformer (без графа) + Контрастив,non_graph,Без графа,transformer,contrastive,Transformer (без графа),Контрастив,representation-discrepancy,,fold2,0,fold2|s0,"TransDe-подобная связка: мультимасштабный контрастив поверх внимания, без графа. Лидирует на четырёх MTSAD-бенчмарках из пяти. Если обходит графовые модели — физический prior коридора не нужен.",159840,96.0,True,12,492.77262132299984,3.5377843562228413,0.0005044287536293268,False,0.01673655491322281,0.25,0.008333333333333333,3,0.07142857142857142,14,1,-14.0,-14.0,-14.0,1.0,0.07142857142857142,0.17167381974248927,0.44649342349394616,0.3133047210300429,0.6674562404870623,0.688,0.5035211267605634,0.003432685509324074,0.06751054852320675,10.191,1.4251091462204035,
cand_gcngru_recon,GCN+GRU (фикс. граф) + Реконструкция,candidate,Кандидат,gcn_gru,recon,GCN+GRU (фикс. граф),Реконструкция,reconstruction,,fold2,0,fold2|s0,"РЕФЕРЕНС. Бенчмарк FT-AED (Coursey et al., 2024): unsupervised графовые автоэнкодеры — лучшее семейство на этих данных, а игнорирование пространственных связей ухудшает качество. Все остальные кандидаты сравниваются с этой точкой.",156774,152.0,True,12,179.52057990799995,2.752742173104054,0.1132438212633133,True,3.111613392829898,0.25,0.010416666666666666,3,0.0,14,0,,,,0.0,0.0,0.2145922746781116,0.373524067937412,0.3133047210300429,0.6326293759512938,0.6254416961130742,0.47183098591549294,0.46399518847465515,0.0,inf,1.192206956567356,
cand_gatlstm_recon,GAT+LSTM (обуч. внимание) + Реконструкция,candidate,Кандидат,gat_lstm,recon,GAT+LSTM (обуч. внимание),Реконструкция,reconstruction,,fold2,0,fold2|s0,"Обучаемое внимание вместо фиксированного графа при той же голове. В работе «Toward explainable automatic incident detection» (2025) GAT+LSTM — лучшая пара пространственного и временного модуля. Проверяет, размывает ли фиксированное сглаживание сам сигнал аномалии.",148864,160.0,True,12,244.1663873970001,2.401611329041354,0.16128684133291243,True,3.302336335182191,0.25,0.010416666666666666,3,0.0,14,0,,,,0.0,0.0,0.2145922746781116,0.3845217109165223,0.3133047210300429,0.6567256468797565,0.7051792828685259,0.5352112676056338,1.4445223808288574,0.0,inf,1.2273090225143795,
cand_gcngru_bigan,GCN+GRU (фикс. граф) + Критик BiGAN,candidate,Кандидат,gcn_gru,bigan,GCN+GRU (фикс. граф),Критик BiGAN,discriminator,,fold2,0,fold2|s0,"Тот же энкодер, механизм score — критик. CCB-GraphGAN (Nouri et al., 2026) на FT-AED: −5 мин к задержке при FPR 1%. Одновременно проверяет открытый пробел: при D*=1/2 выход критика не несёт информации об аномалии (см. абляцию cycle vs critic).",150391,120.0,True,8,141.50722187600013,2.2582286566520917,1.281469202041626,True,0.2622717469930649,0.25,0.010416666666666666,3,0.0,14,0,,,,0.0,0.0,0.2145922746781116,0.3523784856933512,0.3133047210300429,0.6095985540334856,0.6518847006651884,0.45871559633027525,0.22885708510875702,0.025210084033613446,25.858093126385807,1.124714892692477,
cand_hypergraph_flow,Гиперграф+Bi-GLU + Плотность (flow),candidate,Кандидат,hypergraph,flow,Гиперграф+Bi-GLU,Плотность (flow),density,,fold2,0,fold2|s0,"DHMPN-подобная связка: направленный гиперграф + нормализующий поток. Явная плотность вместо эвристики, дешевле трансформеров, заявлено превосходство над SOTA-графами. Единственный кандидат с калиброванным вероятностным score — нужен для safety-валидатора в контуре устранения.",154440,104.0,True,12,131.72523462200024,1.6615407181684525,-295.05543823242186,True,-293.2393341064453,0.25,0.010416666666666666,3,0.14285714285714285,14,2,7.0,7.0,17.4,0.5,0.09977501878514641,0.2145922746781116,0.4453611431927606,0.3133047210300429,0.6682267884322679,0.6997518610421837,0.5106382978723404,-294.4372863769531,0.20216606498194944,3.461272598369373,1.4214951556700441,
cand_gcngru_physics,GCN+GRU (фикс. граф) + Невязка LWR,candidate,Кандидат,gcn_gru,physics,GCN+GRU (фикс. граф),Невязка LWR,physical-residual,,fold2,0,fold2|s0,"Невязка закона сохранения LWR как score. НЕЗАНЯТАЯ НИША: physics-informed подход применён к обнаружению заторов и к генерации, но не как голова детектора. Единственный механизм, чей score не зависит от обученного генератора, то есть структурно невосприимчив к циркулярности оценки.",153068,152.0,True,12,180.0551773950001,2.768340798283211,0.15205200016498566,True,2.6452299356460576,0.25,0.010416666666666666,3,0.07142857142857142,14,1,-8.0,-8.0,-8.0,1.0,0.07142857142857142,0.2145922746781116,0.35233699287562525,0.3133047210300429,0.5958713850837138,0.7617391304347826,0.475,1.3430492877960205,0.02586206896551724,29.45391304347826,1.1245824567126121,0.46857493091118313
ctrl_random,Случайный score (контроль),control,Протокольный контроль,,,,,none,random,fold3,0,fold3|s0,"Случайный score. Kim et al. (2021): при point-adjustment он выходит на уровень SOTA. Если здесь он попадает в верхнюю половину по основной метрике — метрика выбрана неверно и остальная таблица недействительна. Ожидается AP≈prevalence, padf≈0.",0,,True,0,1.600000359758269e-06,0.0024196595128805334,,False,3.0008925199508667,0.25,0.008417508417508417,3,0.42857142857142855,7,3,14.0,13.333333333333334,17.2,0.0,0.2356969690060376,0.2145922746781116,0.1768804914490937,0.15021459227467812,0.5138367805034472,0.8076923076923077,0.26150121065375304,2.7539215087890625,0.24535315985130113,3.2919580419580416,1.1775187002182523,
ctrl_untrained,GCN+GRU (фикс. граф) + Реконструкция [необучен],control,Протокольный контроль,gcn_gru,recon,GCN+GRU (фикс. граф),Реконструкция,reconstruction,,fold3,0,fold3|s0,Та же архитектура со случайными весами. У Kim et al. необученная модель оказалась сравнима с опубликованными методами даже без PA. Разность «обученная − эта» — измеренный вклад обучения.,156774,152.0,True,0,3.5500033845892176e-07,2.3832529127327566,,True,23.37892818450929,0.25,0.008417508417508417,3,0.14285714285714285,7,1,20.0,20.0,20.0,0.0,0.056692894713149984,0.2145922746781116,0.30708305181111456,0.15021459227467812,0.7531345198011865,0.5433070866141733,0.425531914893617,11.451501846313477,0.05263157894736842,10.322834645669293,2.044295744913991,
base_pca,PCA (линейная граница),control,Протокольный контроль,,,,,none,pca,fold3,0,fold3|s0,Линейная нижняя граница. Sehili et al. (2023): PCA превосходит многие DL-подходы; Alves et al. (2026) подтвердили на SMD без point-adjustment. Если ST-GNN не отрывается от PCA значимо — это и есть результат.,602112,,True,0,1.7368888909995803,0.08296877110110856,,False,24.30800533294679,0.25,0.008417508417508417,3,0.14285714285714285,7,1,20.0,20.0,20.0,0.0,0.056692894713149984,0.2145922746781116,0.3050347414477757,0.15021459227467812,0.7810806477473144,0.6566037735849056,0.45144356955380577,0.5668792724609375,0.05172413793103448,12.69433962264151,2.030659850209478,
base_california,California алгоритм (AID),baseline,Бейзлайн,,,,,none,california,fold3,0,fold3|s0,"Канонический AID-алгоритм по пространственным разностям занятости. Обязателен для транспортного журнала: без него работа читается как ML-статья про трафик, а не как вклад в автоматическое обнаружение инцидентов.",3,,True,0,0.020668836000368174,0.004900349069927411,,True,0.2494324818253533,0.25,0.008417508417508417,3,0.2857142857142857,7,2,2.0,2.0,13.200000000000001,0.5,0.21106011456502977,0.2145922746781116,0.16705375572584402,0.15021459227467812,0.5779862113195446,0.7865168539325843,0.27312775330396477,-0.341408371925354,0.17511520737327188,4.491425192193969,1.11210071668919,
base_snd,Standard Normal Deviate (AID),baseline,Бейзлайн,,,,,none,snd,fold3,0,fold3|s0,"Standard Normal Deviate — классический статистический контроль на детекторе. Вторая доменная точка отсчёта, не использующая пространственную структуру вообще.",3,,True,0,0.047184906999973464,0.021674686695470454,,False,2.9681752920152684,0.25,0.008417508417508417,3,0.14285714285714285,7,1,4.0,4.0,4.0,0.0,0.11874827087754111,0.2145922746781116,0.18331843463441366,0.15021459227467812,0.5795173961840628,0.636734693877551,0.2775330396475771,1.60586416721344,0.16580310880829016,3.8403061224489794,1.2203770077090965,
base_iforest,Isolation Forest,baseline,Бейзлайн,,,,,none,iforest,fold3,0,fold3|s0,"Adaptive Isolation Forest даёт 71–100% detection rate на реальных городских событиях (J. Intelligent Transportation Systems, 2025). Включён как сильный неглубокий конкурент, а не для контраста.",150,,True,0,0.5085107330005485,0.935156922746312,,False,0.7386572659015658,0.25,0.006734006734006734,3,0.14285714285714285,7,1,6.0,6.0,6.0,0.0,0.108265469036457,0.17167381974248927,0.36336558190334095,0.15021459227467812,0.7772486772486772,0.6850393700787402,0.43271767810026385,0.6423293948173523,0.16129032258064516,4.247244094488189,2.418976588099384,
deep_transformer_contrastive,Transformer (без графа) + Контрастив,non_graph,Без графа,transformer,contrastive,Transformer (без графа),Контрастив,representation-discrepancy,,fold3,0,fold3|s0,"TransDe-подобная связка: мультимасштабный контрастив поверх внимания, без графа. Лидирует на четырёх MTSAD-бенчмарках из пяти. Если обходит графовые модели — физический prior коридора не нужен.",159840,96.0,True,12,611.3762689349996,4.300728796852192,0.00042289637349313125,False,0.05898470617830763,0.25,0.008417508417508417,3,0.14285714285714285,7,1,20.0,20.0,20.0,0.0,0.056692894713149984,0.2145922746781116,0.3008724687948186,0.15021459227467812,0.7638287638287639,0.5982905982905983,0.436046511627907,0.003964588511735201,0.05172413793103448,11.566951566951566,2.0029510065483636,
cand_gcngru_recon,GCN+GRU (фикс. граф) + Реконструкция,candidate,Кандидат,gcn_gru,recon,GCN+GRU (фикс. граф),Реконструкция,reconstruction,,fold3,0,fold3|s0,"РЕФЕРЕНС. Бенчмарк FT-AED (Coursey et al., 2024): unsupervised графовые автоэнкодеры — лучшее семейство на этих данных, а игнорирование пространственных связей ухудшает качество. Все остальные кандидаты сравниваются с этой точкой.",156774,152.0,True,12,219.47229682599936,2.8529595565097057,0.11613680049777031,True,3.8918105363845834,0.25,0.006734006734006734,3,0.14285714285714285,7,1,12.0,12.0,12.0,0.0,0.0820498824997882,0.17167381974248927,0.25724422995617663,0.15021459227467812,0.7103415103415103,0.48333333333333334,0.40970350404312667,0.7678900361061096,0.09836065573770492,4.913888888888889,1.7125115879939756,
cand_gatlstm_recon,GAT+LSTM (обуч. внимание) + Реконструкция,candidate,Кандидат,gat_lstm,recon,GAT+LSTM (обуч. внимание),Реконструкция,reconstruction,,fold3,0,fold3|s0,"Обучаемое внимание вместо фиксированного графа при той же голове. В работе «Toward explainable automatic incident detection» (2025) GAT+LSTM — лучшая пара пространственного и временного модуля. Проверяет, размывает ли фиксированное сглаживание сам сигнал аномалии.",148864,160.0,True,12,299.4587549549997,2.564788889843025,0.15860243327915668,True,5.824420213699344,0.25,0.006734006734006734,3,0.14285714285714285,7,1,10.0,10.0,10.0,0.0,0.08999436070677666,0.17167381974248927,0.2385553616205309,0.15021459227467812,0.6593073593073594,0.5333333333333333,0.3238095238095238,1.4378597736358643,0.12903225806451613,4.133333333333334,1.5880971216452484,
cand_gcngru_bigan,GCN+GRU (фикс. граф) + Критик BiGAN,candidate,Кандидат,gcn_gru,bigan,GCN+GRU (фикс. граф),Критик BiGAN,discriminator,,fold3,0,fold3|s0,"Тот же энкодер, механизм score — критик. CCB-GraphGAN (Nouri et al., 2026) на FT-AED: −5 мин к задержке при FPR 1%. Одновременно проверяет открытый пробел: при D*=1/2 выход критика не несёт информации об аномалии (см. абляцию cycle vs critic).",150391,120.0,True,7,151.79318251699988,2.3329889885558788,1.2328079044818878,True,0.347329005599022,0.25,0.008417508417508417,3,0.0,7,0,,,,0.0,0.0,0.2145922746781116,0.18340978294689247,0.15021459227467812,0.6481321147987813,0.5925925925925926,0.3534675615212528,0.3096886873245239,0.028985507246376812,20.444444444444443,1.2209851264750269,
cand_hypergraph_flow,Гиперграф+Bi-GLU + Плотность (flow),candidate,Кандидат,hypergraph,flow,Гиперграф+Bi-GLU,Плотность (flow),density,,fold3,0,fold3|s0,"DHMPN-подобная связка: направленный гиперграф + нормализующий поток. Явная плотность вместо эвристики, дешевле трансформеров, заявлено превосходство над SOTA-графами. Единственный кандидат с калиброванным вероятностным score — нужен для safety-валидатора в контуре устранения.",154440,104.0,True,12,162.55186119999962,1.643160306152061,-298.0447311401367,True,-287.1901397705078,0.25,0.008417508417508417,3,0.14285714285714285,7,1,12.0,12.0,12.0,0.0,0.0820498824997882,0.2145922746781116,0.3215276568107871,0.15021459227467812,0.7649911816578482,0.5633802816901409,0.4342105263157895,-296.4685974121094,0.11965811965811966,4.7082494969818915,2.140455543911811,
cand_gcngru_physics,GCN+GRU (фикс. граф) + Невязка LWR,candidate,Кандидат,gcn_gru,physics,GCN+GRU (фикс. граф),Невязка LWR,physical-residual,,fold3,0,fold3|s0,"Невязка закона сохранения LWR как score. НЕЗАНЯТАЯ НИША: physics-informed подход применён к обнаружению заторов и к генерации, но не как голова детектора. Единственный механизм, чей score не зависит от обученного генератора, то есть структурно невосприимчив к циркулярности оценки.",153068,152.0,True,12,219.61755803599954,2.9949636022898156,0.1300834994763136,True,2.6680582761764526,0.25,0.005050505050505051,3,0.0,7,0,,,,0.0,0.0,0.12875536480686695,0.15858057172106238,0.15021459227467812,0.5271123937790605,0.5097087378640777,0.28104575163398693,1.3230332136154175,0.0,inf,1.0556935203145008,0.47647082709281485
