label,mean_rank,cd,metric,alpha
Standard Normal Deviate (AID),2.0,8.331797885210609,padf,0.05
Случайный score (контроль),4.375,8.331797885210609,padf,0.05
Isolation Forest,4.625,8.331797885210609,padf,0.05
Гиперграф+Bi-GLU + Плотность (flow),5.25,8.331797885210609,padf,0.05
GAT+LSTM (обуч. внимание) + Реконструкция,5.75,8.331797885210609,padf,0.05
California алгоритм (AID),5.75,8.331797885210609,padf,0.05
PCA (линейная граница),6.75,8.331797885210609,padf,0.05
GCN+GRU (фикс. граф) + Реконструкция,6.875,8.331797885210609,padf,0.05
GCN+GRU (фикс. граф) + Реконструкция [необучен],8.375,8.331797885210609,padf,0.05
GCN+GRU (фикс. граф) + Невязка LWR,9.25,8.331797885210609,padf,0.05
Transformer (без графа) + Контрастив,9.375,8.331797885210609,padf,0.05
GCN+GRU (фикс. граф) + Критик BiGAN,9.625,8.331797885210609,padf,0.05
