label,alarm_budget_per_hour,event_recall,median_delay_min,padf,alarms_per_hour
California алгоритм (AID),0.25,0.09375,-2.0,0.08311731110582647,0.28159311432990647
California алгоритм (AID),0.5,0.21875,-2.0,0.18643827276527997,0.5395607825473571
California алгоритм (AID),1.0,0.3100198412698413,1.8333333333333333,0.2666947642251952,1.3485210065960733
California алгоритм (AID),2.0,0.5102362914862915,0.0,0.46450866334668817,2.4702391845838685
California алгоритм (AID),5.0,0.7287157287157287,-7.0,0.669333061726473,5.124811900660554
California алгоритм (AID),10.0,0.9188311688311689,-10.0,0.8885576700981102,10.109184692078422
California алгоритм (AID),20.0,0.9772727272727273,-11.625,0.946169987717141,16.955831197877462
GAT+LSTM (обуч. внимание) + Реконструкция,0.25,0.15036075036075036,4.625,0.11470595939199602,1.6707030603804796
GAT+LSTM (обуч. внимание) + Реконструкция,0.5,0.20042388167388164,0.34375,0.16397746279808365,2.14066170388751
GAT+LSTM (обуч. внимание) + Реконструкция,1.0,0.31856060606060604,-2.025,0.2739345941368334,2.9785692006057056
GAT+LSTM (обуч. внимание) + Реконструкция,2.0,0.3904310966810967,-2.3,0.33756162543495344,4.321082512121206
GAT+LSTM (обуч. внимание) + Реконструкция,5.0,0.449963924963925,-4.675,0.4126166619543838,6.972303959064173
GAT+LSTM (обуч. внимание) + Реконструкция,10.0,0.6050234487734488,-4.95,0.5536121986517741,10.116852760740345
GAT+LSTM (обуч. внимание) + Реконструкция,20.0,0.8441107503607503,-10.9,0.8056241396276104,17.219966549597018
GCN+GRU (фикс. граф) + Критик BiGAN,0.25,0.25210137085137085,1.0263157894736843,0.21218716098908397,0.5352848255148258
GCN+GRU (фикс. граф) + Критик BiGAN,0.5,0.32375541125541124,0.4473684210526316,0.2736318269482224,0.736691710508607
GCN+GRU (фикс. граф) + Критик BiGAN,1.0,0.36790223665223665,-1.263157894736842,0.31403012952163767,1.2009656994725442
GCN+GRU (фикс. граф) + Критик BiGAN,2.0,0.43896103896103894,-3.1315789473684212,0.3830407876545071,1.9100789526899304
GCN+GRU (фикс. граф) + Критик BiGAN,5.0,0.5447240259740259,-4.973684210526316,0.48517597456127637,4.193448698673819
GCN+GRU (фикс. граф) + Критик BiGAN,10.0,0.657891414141414,-4.725,0.5958819167090306,7.869787232171902
GCN+GRU (фикс. граф) + Критик BiGAN,20.0,0.8257215007215007,-8.975,0.7710661294786262,17.286981679377956
GCN+GRU (фикс. граф) + Невязка LWR,0.25,0.1158008658008658,15.392857142857142,0.058337411455781474,0.6650368015300888
GCN+GRU (фикс. граф) + Невязка LWR,0.5,0.13759018759018757,13.428571428571429,0.07356824412954911,0.7845995115673062
GCN+GRU (фикс. граф) + Невязка LWR,1.0,0.16688311688311688,10.466666666666667,0.10076483464904928,1.2202859245222022
GCN+GRU (фикс. граф) + Невязка LWR,2.0,0.22250180375180376,0.9166666666666666,0.1682936179895741,1.9012919863087352
GCN+GRU (фикс. граф) + Невязка LWR,5.0,0.34308261183261185,-5.2,0.28987363097837704,4.161794553928123
GCN+GRU (фикс. граф) + Невязка LWR,10.0,0.5693272005772005,-7.2,0.49835851080856824,7.4305470283855
GCN+GRU (фикс. граф) + Невязка LWR,20.0,0.8084505772005771,-10.675,0.7354044187678836,14.281685079267174
GCN+GRU (фикс. граф) + Реконструкция,0.25,0.20419372294372296,6.7631578947368425,0.1466324245025277,1.4450082814432774
GCN+GRU (фикс. граф) + Реконструкция,0.5,0.25526695526695525,7.65,0.18115076688487042,1.837887132956898
GCN+GRU (фикс. граф) + Реконструкция,1.0,0.30015331890331887,5.9,0.2322210426333467,2.229255928045789
GCN+GRU (фикс. граф) + Реконструкция,2.0,0.35299422799422797,1.8,0.3007003450933273,3.6808278602765983
GCN+GRU (фикс. граф) + Реконструкция,5.0,0.4937319624819625,-0.5,0.42148029357444583,6.194621200900578
GCN+GRU (фикс. граф) + Реконструкция,10.0,0.6661165223665224,-7.85,0.6196217291006698,9.846646965691358
GCN+GRU (фикс. граф) + Реконструкция,20.0,0.7713924963924964,-11.85,0.7478379039036436,16.78447547590401
GCN+GRU (фикс. граф) + Реконструкция [необучен],0.25,0.12094155844155845,-1.5,0.10308441558441558,0.9270995267843315
GCN+GRU (фикс. граф) + Реконструкция [необучен],0.5,0.12094155844155845,-1.5,0.10308441558441558,1.229983727927705
GCN+GRU (фикс. граф) + Реконструкция [необучен],1.0,0.24594155844155843,-1.1666666666666667,0.22617028125937105,1.9611706153156316
GCN+GRU (фикс. граф) + Реконструкция [необучен],2.0,0.2737193362193362,-9.75,0.26726808607429786,2.9572856479104996
GCN+GRU (фикс. граф) + Реконструкция [необучен],5.0,0.555690836940837,0.95,0.4873519671969343,6.326204650728693
GCN+GRU (фикс. граф) + Реконструкция [необучен],10.0,0.669687950937951,-6.875,0.6189140237532165,9.5728559042396
GCN+GRU (фикс. граф) + Реконструкция [необучен],20.0,0.7547528860028859,-13.4,0.7368807308639186,17.52550803560378
Isolation Forest,0.25,0.3194534632034632,0.3,0.2806355598018051,1.1268945974149993
Isolation Forest,0.5,0.34489538239538237,-0.45,0.3067437510145765,1.4061794648611836
Isolation Forest,1.0,0.436228354978355,-0.45,0.3860950381337773,1.9874999509673632
Isolation Forest,2.0,0.5712662337662338,-0.95,0.497489444085352,3.1848016951089777
Isolation Forest,5.0,0.6736471861471862,-4.3,0.6157908489517308,5.857680837436858
Isolation Forest,10.0,0.7370670995670996,-7.6,0.6863528954335629,9.584966864082208
Isolation Forest,20.0,0.8092983405483405,-11.775,0.7821171278765151,17.518293359898877
PCA (линейная граница),0.25,0.18443362193362192,-3.75,0.16324160597420917,1.1120744727977077
PCA (линейная граница),0.5,0.18443362193362192,-4.125,0.1652421496175367,1.307753818289782
PCA (линейная граница),1.0,0.22988816738816736,-3.25,0.19920266274507567,1.6783929062962641
PCA (линейная граница),2.0,0.3325667388167388,-0.5,0.271536652055747,2.432269054589894
PCA (линейная граница),5.0,0.5175865800865801,-0.5,0.4324631561745618,5.524785253958624
PCA (линейная граница),10.0,0.636634199134199,-6.0,0.5495246459151769,8.689853253771961
PCA (линейная граница),20.0,0.7865710678210678,-12.75,0.7712666551048059,19.056175914221967
Standard Normal Deviate (AID),0.25,0.24021464646464646,-1.5,0.209933850670141,0.5241864809242753
Standard Normal Deviate (AID),0.5,0.5023448773448773,-2.375,0.44691616897164144,0.9545421467638121
Standard Normal Deviate (AID),1.0,0.5335948773448773,-2.0,0.4810344812151094,1.4661078298696002
Standard Normal Deviate (AID),2.0,0.5891504329004329,-1.125,0.5350071381181498,2.6042570473425326
Standard Normal Deviate (AID),5.0,0.6838924963924964,-5.125,0.6359661719361742,4.610526427914922
Standard Normal Deviate (AID),10.0,0.8007756132756132,-6.0,0.7430936794549962,8.936854282442866
Standard Normal Deviate (AID),20.0,0.9494949494949495,-10.625,0.9021266378717465,16.574626624924676
Transformer (без графа) + Контрастив,0.25,0.15099206349206348,4.821428571428571,0.1209358187213466,2.894136575844697
Transformer (без графа) + Контрастив,0.5,0.1784541847041847,4.03125,0.14112505149571838,3.216640506909544
Transformer (без графа) + Контрастив,1.0,0.20819805194805197,3.78125,0.1676036151206398,3.8424388224862995
Transformer (без графа) + Контрастив,2.0,0.2636363636363636,2.588235294117647,0.21977697422350295,5.053669798668612
Transformer (без графа) + Контрастив,5.0,0.39336219336219336,-2.861111111111111,0.3425175775679616,7.219399427975114
Transformer (без графа) + Контрастив,10.0,0.5462662337662337,-5.684210526315789,0.49543357547931877,10.379102452511045
Transformer (без графа) + Контрастив,20.0,0.6664411976911977,-10.6,0.6244447366602219,18.06162152620676
Гиперграф+Bi-GLU + Плотность (flow),0.25,0.18262085137085138,1.1538461538461537,0.16670479358829352,1.365621946872969
Гиперграф+Bi-GLU + Плотность (flow),0.5,0.21986832611832613,-0.16666666666666666,0.20070199894066984,1.6433166622368216
Гиперграф+Bi-GLU + Плотность (flow),1.0,0.24595959595959593,-2.0555555555555554,0.22696208109152946,2.0400529958264775
Гиперграф+Bi-GLU + Плотность (flow),2.0,0.30544733044733047,-4.125,0.28128448140036827,3.195872764027223
Гиперграф+Bi-GLU + Плотность (flow),5.0,0.5637626262626263,-7.0,0.5139183620542702,6.612287132415848
Гиперграф+Bi-GLU + Плотность (flow),10.0,0.7231511544011544,-7.125,0.6710307781641304,10.636862621372684
Гиперграф+Bi-GLU + Плотность (flow),20.0,0.8064574314574315,-10.675,0.776239135457083,19.496210568460718
Случайный score (контроль),0.25,0.14713203463203464,-1.2666666666666666,0.12518689809951714,0.28140732459673196
Случайный score (контроль),0.5,0.2146554834054834,0.9166666666666666,0.1779012287362012,0.3996578401157306
Случайный score (контроль),1.0,0.3493777056277056,0.75,0.2840675961897202,0.770839776898121
Случайный score (контроль),2.0,0.6251262626262626,0.125,0.5121329781739209,1.8081289889740817
Случайный score (контроль),5.0,0.866540404040404,-4.55,0.7721656649603281,4.70757848434371
Случайный score (контроль),10.0,0.9703733766233766,-7.325,0.9074575547510962,9.053582574680087
Случайный score (контроль),20.0,0.9866071428571429,-11.15,0.9544030758106123,17.00654250926717
