event_id,label,minutes_from_report,score_norm,threshold_norm
12,Гиперграф+Bi-GLU + Плотность (flow),-45.0,0.11779706,0.3162504967545987
12,Гиперграф+Bi-GLU + Плотность (flow),-44.0,0.1545569,0.3162504967545987
12,Гиперграф+Bi-GLU + Плотность (flow),-43.0,0.11431978,0.3162504967545987
12,Гиперграф+Bi-GLU + Плотность (flow),-42.0,0.07699695,0.3162504967545987
12,Гиперграф+Bi-GLU + Плотность (flow),-41.0,0.06467744,0.3162504967545987
12,Гиперграф+Bi-GLU + Плотность (flow),-40.0,0.083487876,0.3162504967545987
12,Гиперграф+Bi-GLU + Плотность (flow),-39.0,0.05898132,0.3162504967545987
12,Гиперграф+Bi-GLU + Плотность (flow),-38.0,0.06365082,0.3162504967545987
12,Гиперграф+Bi-GLU + Плотность (flow),-37.0,0.113690555,0.3162504967545987
12,Гиперграф+Bi-GLU + Плотность (flow),-36.0,0.07908332,0.3162504967545987
12,Гиперграф+Bi-GLU + Плотность (flow),-35.0,0.06305471,0.3162504967545987
12,Гиперграф+Bi-GLU + Плотность (flow),-34.0,0.09577428,0.3162504967545987
12,Гиперграф+Bi-GLU + Плотность (flow),-33.0,0.15969002,0.3162504967545987
12,Гиперграф+Bi-GLU + Плотность (flow),-32.0,0.08010995,0.3162504967545987
12,Гиперграф+Bi-GLU + Плотность (flow),-31.0,0.085408665,0.3162504967545987
12,Гиперграф+Bi-GLU + Плотность (flow),-30.0,0.06517419,0.3162504967545987
12,Гиперграф+Bi-GLU + Плотность (flow),-29.0,0.062425487,0.3162504967545987
12,Гиперграф+Bi-GLU + Плотность (flow),-15.0,0.20121871,0.3162504967545987
12,Гиперграф+Bi-GLU + Плотность (flow),-14.0,0.22648695,0.3162504967545987
12,Гиперграф+Bi-GLU + Плотность (flow),-13.0,0.20436482,0.3162504967545987
12,Гиперграф+Bi-GLU + Плотность (flow),-12.0,0.24516492,0.3162504967545987
12,Гиперграф+Bi-GLU + Плотность (flow),-11.0,0.21347198,0.3162504967545987
12,Гиперграф+Bi-GLU + Плотность (flow),-10.0,0.1961187,0.3162504967545987
12,Гиперграф+Bi-GLU + Плотность (flow),-9.0,0.19648297,0.3162504967545987
12,Гиперграф+Bi-GLU + Плотность (flow),-8.0,0.18224268,0.3162504967545987
12,Гиперграф+Bi-GLU + Плотность (flow),-7.0,0.35203338,0.3162504967545987
12,Гиперграф+Bi-GLU + Плотность (flow),-6.0,0.20423235,0.3162504967545987
12,Гиперграф+Bi-GLU + Плотность (flow),-5.0,0.18727647,0.3162504967545987
12,Гиперграф+Bi-GLU + Плотность (flow),-4.0,0.43492517,0.3162504967545987
12,Гиперграф+Bi-GLU + Плотность (flow),-3.0,0.33580607,0.3162504967545987
12,Гиперграф+Bi-GLU + Плотность (flow),-2.0,0.3754802,0.3162504967545987
12,Гиперграф+Bi-GLU + Плотность (flow),-1.0,0.57292354,0.3162504967545987
12,Гиперграф+Bi-GLU + Плотность (flow),0.0,0.34610546,0.3162504967545987
12,Гиперграф+Bi-GLU + Плотность (flow),1.0,0.48979998,0.3162504967545987
12,Гиперграф+Bi-GLU + Плотность (flow),2.0,0.54460853,0.3162504967545987
12,Гиперграф+Bi-GLU + Плотность (flow),3.0,0.50612664,0.3162504967545987
12,Гиперграф+Bi-GLU + Плотность (flow),4.0,0.39021724,0.3162504967545987
12,Гиперграф+Bi-GLU + Плотность (flow),5.0,0.3323288,0.3162504967545987
12,Гиперграф+Bi-GLU + Плотность (flow),6.0,0.27811632,0.3162504967545987
12,Гиперграф+Bi-GLU + Плотность (flow),7.0,0.3720029,0.3162504967545987
12,Гиперграф+Bi-GLU + Плотность (flow),8.0,0.47194993,0.3162504967545987
12,Гиперграф+Bi-GLU + Плотность (flow),9.0,0.43714398,0.3162504967545987
12,Гиперграф+Bi-GLU + Плотность (flow),10.0,0.5123195,0.3162504967545987
12,Гиперграф+Bi-GLU + Плотность (flow),11.0,0.43843555,0.3162504967545987
12,Гиперграф+Bi-GLU + Плотность (flow),12.0,0.40909392,0.3162504967545987
12,Гиперграф+Bi-GLU + Плотность (flow),13.0,0.47181746,0.3162504967545987
12,Гиперграф+Bi-GLU + Плотность (flow),14.0,0.65508676,0.3162504967545987
12,Гиперграф+Bi-GLU + Плотность (flow),15.0,0.49440324,0.3162504967545987
12,Гиперграф+Bi-GLU + Плотность (flow),16.0,0.36577693,0.3162504967545987
12,Гиперграф+Bi-GLU + Плотность (flow),17.0,0.33206385,0.3162504967545987
12,Гиперграф+Bi-GLU + Плотность (flow),18.0,0.48675323,0.3162504967545987
12,Гиперграф+Bi-GLU + Плотность (flow),19.0,0.37591073,0.3162504967545987
12,Гиперграф+Bi-GLU + Плотность (flow),20.0,0.3964101,0.3162504967545987
12,Гиперграф+Bi-GLU + Плотность (flow),21.0,0.46300834,0.3162504967545987
12,Гиперграф+Bi-GLU + Плотность (flow),22.0,0.44565505,0.3162504967545987
12,Гиперграф+Bi-GLU + Плотность (flow),23.0,0.55706054,0.3162504967545987
12,Гиперграф+Bi-GLU + Плотность (flow),24.0,0.4014108,0.3162504967545987
12,Гиперграф+Bi-GLU + Плотность (flow),25.0,0.30954432,0.3162504967545987
12,Гиперграф+Bi-GLU + Плотность (flow),26.0,0.26569745,0.3162504967545987
12,Гиперграф+Bi-GLU + Плотность (flow),27.0,0.2390714,0.3162504967545987
12,Гиперграф+Bi-GLU + Плотность (flow),28.0,0.3042456,0.3162504967545987
12,Гиперграф+Bi-GLU + Плотность (flow),29.0,0.34630415,0.3162504967545987
12,Гиперграф+Bi-GLU + Плотность (flow),30.0,0.17648032,0.3162504967545987
12,Гиперграф+Bi-GLU + Плотность (flow),31.0,0.20409988,0.3162504967545987
12,Гиперграф+Bi-GLU + Плотность (flow),32.0,0.39319777,0.3162504967545987
12,Гиперграф+Bi-GLU + Плотность (flow),33.0,0.46853888,0.3162504967545987
12,Гиперграф+Bi-GLU + Плотность (flow),34.0,0.2367201,0.3162504967545987
12,Гиперграф+Bi-GLU + Плотность (flow),35.0,0.3659094,0.3162504967545987
12,Гиперграф+Bi-GLU + Плотность (flow),36.0,0.14631078,0.3162504967545987
12,Гиперграф+Bi-GLU + Плотность (flow),37.0,0.2673533,0.3162504967545987
12,Гиперграф+Bi-GLU + Плотность (flow),38.0,0.19479401,0.3162504967545987
12,Гиперграф+Bi-GLU + Плотность (flow),39.0,0.19502583,0.3162504967545987
12,Гиперграф+Bi-GLU + Плотность (flow),40.0,0.37753344,0.3162504967545987
12,Гиперграф+Bi-GLU + Плотность (flow),41.0,0.25125843,0.3162504967545987
12,Гиперграф+Bi-GLU + Плотность (flow),42.0,0.19741026,0.3162504967545987
12,Гиперграф+Bi-GLU + Плотность (flow),43.0,0.1926083,0.3162504967545987
12,Гиперграф+Bi-GLU + Плотность (flow),44.0,0.13283217,0.3162504967545987
12,Гиперграф+Bi-GLU + Плотность (flow),45.0,0.22516227,0.3162504967545987
12,Transformer (без графа) + Контрастив,-45.0,0.2535656,0.4533224903714363
12,Transformer (без графа) + Контрастив,-44.0,0.24514055,0.4533224903714363
12,Transformer (без графа) + Контрастив,-43.0,0.42410505,0.4533224903714363
12,Transformer (без графа) + Контрастив,-42.0,0.36488318,0.4533224903714363
12,Transformer (без графа) + Контрастив,-41.0,0.31381556,0.4533224903714363
12,Transformer (без графа) + Контрастив,-40.0,0.23990895,0.4533224903714363
12,Transformer (без графа) + Контрастив,-39.0,0.27947807,0.4533224903714363
12,Transformer (без графа) + Контрастив,-38.0,0.23523019,0.4533224903714363
12,Transformer (без графа) + Контрастив,-37.0,0.21568285,0.4533224903714363
12,Transformer (без графа) + Контрастив,-36.0,0.21715634,0.4533224903714363
12,Transformer (без графа) + Контрастив,-35.0,0.2360915,0.4533224903714363
12,Transformer (без графа) + Контрастив,-34.0,0.24569117,0.4533224903714363
12,Transformer (без графа) + Контрастив,-33.0,0.2562005,0.4533224903714363
12,Transformer (без графа) + Контрастив,-32.0,0.3058513,0.4533224903714363
12,Transformer (без графа) + Контрастив,-31.0,0.49233907,0.4533224903714363
12,Transformer (без графа) + Контрастив,-30.0,0.39677462,0.4533224903714363
12,Transformer (без графа) + Контрастив,-29.0,0.36137906,0.4533224903714363
12,Transformer (без графа) + Контрастив,-15.0,0.18100847,0.4533224903714363
12,Transformer (без графа) + Контрастив,-14.0,0.18011467,0.4533224903714363
12,Transformer (без графа) + Контрастив,-13.0,0.15342951,0.4533224903714363
12,Transformer (без графа) + Контрастив,-12.0,0.2103352,0.4533224903714363
12,Transformer (без графа) + Контрастив,-11.0,0.26681656,0.4533224903714363
12,Transformer (без графа) + Контрастив,-10.0,0.14991114,0.4533224903714363
12,Transformer (без графа) + Контрастив,-9.0,0.12567036,0.4533224903714363
12,Transformer (без графа) + Контрастив,-8.0,0.20241538,0.4533224903714363
12,Transformer (без графа) + Контрастив,-7.0,0.23858713,0.4533224903714363
12,Transformer (без графа) + Контрастив,-6.0,0.23456633,0.4533224903714363
12,Transformer (без графа) + Контрастив,-5.0,0.20148619,0.4533224903714363
12,Transformer (без графа) + Контрастив,-4.0,0.239889,0.4533224903714363
12,Transformer (без графа) + Контрастив,-3.0,0.17051443,0.4533224903714363
12,Transformer (без графа) + Контрастив,-2.0,0.18597345,0.4533224903714363
12,Transformer (без графа) + Контрастив,-1.0,0.16233365,0.4533224903714363
12,Transformer (без графа) + Контрастив,0.0,0.20847566,0.4533224903714363
12,Transformer (без графа) + Контрастив,1.0,0.24813578,0.4533224903714363
12,Transformer (без графа) + Контрастив,2.0,0.16578296,0.4533224903714363
12,Transformer (без графа) + Контрастив,3.0,0.21444027,0.4533224903714363
12,Transformer (без графа) + Контрастив,4.0,0.2951658,0.4533224903714363
12,Transformer (без графа) + Контрастив,5.0,0.30922183,0.4533224903714363
12,Transformer (без графа) + Контрастив,6.0,0.17772585,0.4533224903714363
12,Transformer (без графа) + Контрастив,7.0,0.2582935,0.4533224903714363
12,Transformer (без графа) + Контрастив,8.0,0.16709849,0.4533224903714363
12,Transformer (без графа) + Контрастив,9.0,0.15911888,0.4533224903714363
12,Transformer (без графа) + Контрастив,10.0,0.17799051,0.4533224903714363
12,Transformer (без графа) + Контрастив,11.0,0.24591969,0.4533224903714363
12,Transformer (без графа) + Контрастив,12.0,0.17600682,0.4533224903714363
12,Transformer (без графа) + Контрастив,13.0,0.19443333,0.4533224903714363
12,Transformer (без графа) + Контрастив,14.0,0.22165453,0.4533224903714363
12,Transformer (без графа) + Контрастив,15.0,0.23039,0.4533224903714363
12,Transformer (без графа) + Контрастив,16.0,0.21078162,0.4533224903714363
12,Transformer (без графа) + Контрастив,17.0,0.21749021,0.4533224903714363
12,Transformer (без графа) + Контрастив,18.0,0.19694687,0.4533224903714363
12,Transformer (без графа) + Контрастив,19.0,0.17728758,0.4533224903714363
12,Transformer (без графа) + Контрастив,20.0,0.20930396,0.4533224903714363
12,Transformer (без графа) + Контрастив,21.0,0.21280316,0.4533224903714363
12,Transformer (без графа) + Контрастив,22.0,0.25927433,0.4533224903714363
12,Transformer (без графа) + Контрастив,23.0,0.22416338,0.4533224903714363
12,Transformer (без графа) + Контрастив,24.0,0.19716881,0.4533224903714363
12,Transformer (без графа) + Контрастив,25.0,0.2148718,0.4533224903714363
12,Transformer (без графа) + Контрастив,26.0,0.13279325,0.4533224903714363
12,Transformer (без графа) + Контрастив,27.0,0.20749487,0.4533224903714363
12,Transformer (без графа) + Контрастив,28.0,0.2066554,0.4533224903714363
12,Transformer (без графа) + Контрастив,29.0,0.17409693,0.4533224903714363
12,Transformer (без графа) + Контрастив,30.0,0.14057328,0.4533224903714363
12,Transformer (без графа) + Контрастив,31.0,0.25914487,0.4533224903714363
12,Transformer (без графа) + Контрастив,32.0,0.21087362,0.4533224903714363
12,Transformer (без графа) + Контрастив,33.0,0.16448452,0.4533224903714363
12,Transformer (без графа) + Контрастив,34.0,0.15204072,0.4533224903714363
12,Transformer (без графа) + Контрастив,35.0,0.1825876,0.4533224903714363
12,Transformer (без графа) + Контрастив,36.0,0.21882255,0.4533224903714363
12,Transformer (без графа) + Контрастив,37.0,0.27523655,0.4533224903714363
12,Transformer (без графа) + Контрастив,38.0,0.24443363,0.4533224903714363
12,Transformer (без графа) + Контрастив,39.0,0.26778188,0.4533224903714363
12,Transformer (без графа) + Контрастив,40.0,0.26527813,0.4533224903714363
12,Transformer (без графа) + Контрастив,41.0,0.20923303,0.4533224903714363
12,Transformer (без графа) + Контрастив,42.0,0.19765995,0.4533224903714363
12,Transformer (без графа) + Контрастив,43.0,0.19611344,0.4533224903714363
12,Transformer (без графа) + Контрастив,44.0,0.25686526,0.4533224903714363
12,Transformer (без графа) + Контрастив,45.0,0.22141552,0.4533224903714363
12,GCN+GRU (фикс. граф) + Критик BiGAN,-45.0,0.23881689,1.1189315501107646
12,GCN+GRU (фикс. граф) + Критик BiGAN,-44.0,0.19299287,1.1189315501107646
12,GCN+GRU (фикс. граф) + Критик BiGAN,-43.0,0.3367069,1.1189315501107646
12,GCN+GRU (фикс. граф) + Критик BiGAN,-42.0,0.23776773,1.1189315501107646
12,GCN+GRU (фикс. граф) + Критик BiGAN,-41.0,0.16231282,1.1189315501107646
12,GCN+GRU (фикс. граф) + Критик BiGAN,-40.0,0.21129492,1.1189315501107646
12,GCN+GRU (фикс. граф) + Критик BiGAN,-39.0,0.14262249,1.1189315501107646
12,GCN+GRU (фикс. граф) + Критик BiGAN,-38.0,0.15287036,1.1189315501107646
12,GCN+GRU (фикс. граф) + Критик BiGAN,-37.0,0.2744884,1.1189315501107646
12,GCN+GRU (фикс. граф) + Критик BiGAN,-36.0,0.24329966,1.1189315501107646
12,GCN+GRU (фикс. граф) + Критик BiGAN,-35.0,0.21100879,1.1189315501107646
12,GCN+GRU (фикс. граф) + Критик BiGAN,-34.0,0.18924132,1.1189315501107646
12,GCN+GRU (фикс. граф) + Критик BiGAN,-33.0,0.19273852,1.1189315501107646
12,GCN+GRU (фикс. граф) + Критик BiGAN,-32.0,0.09689385,1.1189315501107646
12,GCN+GRU (фикс. граф) + Критик BiGAN,-31.0,0.15854007,1.1189315501107646
12,GCN+GRU (фикс. граф) + Критик BiGAN,-30.0,0.09712699,1.1189315501107646
12,GCN+GRU (фикс. граф) + Критик BiGAN,-29.0,0.01743305,1.1189315501107646
12,GCN+GRU (фикс. граф) + Критик BiGAN,-15.0,0.22074798,1.1189315501107646
12,GCN+GRU (фикс. граф) + Критик BiGAN,-14.0,0.38690773,1.1189315501107646
12,GCN+GRU (фикс. граф) + Критик BiGAN,-13.0,0.290406,1.1189315501107646
12,GCN+GRU (фикс. граф) + Критик BiGAN,-12.0,0.21111476,1.1189315501107646
12,GCN+GRU (фикс. граф) + Критик BiGAN,-11.0,0.2382976,1.1189315501107646
12,GCN+GRU (фикс. граф) + Критик BiGAN,-10.0,0.32426533,1.1189315501107646
12,GCN+GRU (фикс. граф) + Критик BiGAN,-9.0,0.28122848,1.1189315501107646
12,GCN+GRU (фикс. граф) + Критик BiGAN,-8.0,0.21689045,1.1189315501107646
12,GCN+GRU (фикс. граф) + Критик BiGAN,-7.0,0.19100052,1.1189315501107646
12,GCN+GRU (фикс. граф) + Критик BiGAN,-6.0,0.24634118,1.1189315501107646
12,GCN+GRU (фикс. граф) + Критик BiGAN,-5.0,0.19426458,1.1189315501107646
12,GCN+GRU (фикс. граф) + Критик BiGAN,-4.0,0.22623754,1.1189315501107646
12,GCN+GRU (фикс. граф) + Критик BiGAN,-3.0,0.3464673,1.1189315501107646
12,GCN+GRU (фикс. граф) + Критик BiGAN,-2.0,0.37811172,1.1189315501107646
12,GCN+GRU (фикс. граф) + Критик BiGAN,-1.0,0.3469548,1.1189315501107646
12,GCN+GRU (фикс. граф) + Критик BiGAN,0.0,0.5182438,1.1189315501107646
12,GCN+GRU (фикс. граф) + Критик BiGAN,1.0,0.51336884,1.1189315501107646
12,GCN+GRU (фикс. граф) + Критик BiGAN,2.0,0.50712687,1.1189315501107646
12,GCN+GRU (фикс. граф) + Критик BiGAN,3.0,0.5136444,1.1189315501107646
12,GCN+GRU (фикс. граф) + Критик BiGAN,4.0,0.5142485,1.1189315501107646
12,GCN+GRU (фикс. граф) + Критик BiGAN,5.0,0.5143756,1.1189315501107646
12,GCN+GRU (фикс. граф) + Критик BiGAN,6.0,0.4965717,1.1189315501107646
12,GCN+GRU (фикс. граф) + Критик BiGAN,7.0,0.5903604,1.1189315501107646
12,GCN+GRU (фикс. граф) + Критик BiGAN,8.0,0.5581967,1.1189315501107646
12,GCN+GRU (фикс. граф) + Критик BiGAN,9.0,0.690868,1.1189315501107646
12,GCN+GRU (фикс. граф) + Критик BiGAN,10.0,0.7409841,1.1189315501107646
12,GCN+GRU (фикс. граф) + Критик BiGAN,11.0,0.6983712,1.1189315501107646
12,GCN+GRU (фикс. граф) + Критик BiGAN,12.0,0.7037547,1.1189315501107646
12,GCN+GRU (фикс. граф) + Критик BiGAN,13.0,0.70132786,1.1189315501107646
12,GCN+GRU (фикс. граф) + Критик BiGAN,14.0,0.52407247,1.1189315501107646
12,GCN+GRU (фикс. граф) + Критик BiGAN,15.0,0.54169625,1.1189315501107646
12,GCN+GRU (фикс. граф) + Критик BiGAN,16.0,0.60011023,1.1189315501107646
12,GCN+GRU (фикс. граф) + Критик BiGAN,17.0,0.5789468,1.1189315501107646
12,GCN+GRU (фикс. граф) + Критик BiGAN,18.0,0.51505387,1.1189315501107646
12,GCN+GRU (фикс. граф) + Критик BiGAN,19.0,0.5378069,1.1189315501107646
12,GCN+GRU (фикс. граф) + Критик BiGAN,20.0,0.53205246,1.1189315501107646
12,GCN+GRU (фикс. граф) + Критик BiGAN,21.0,0.4383061,1.1189315501107646
12,GCN+GRU (фикс. граф) + Критик BiGAN,22.0,0.45750892,1.1189315501107646
12,GCN+GRU (фикс. граф) + Критик BiGAN,23.0,0.49602062,1.1189315501107646
12,GCN+GRU (фикс. граф) + Критик BiGAN,24.0,0.5128178,1.1189315501107646
12,GCN+GRU (фикс. граф) + Критик BiGAN,25.0,0.46175855,1.1189315501107646
12,GCN+GRU (фикс. граф) + Критик BiGAN,26.0,0.39177203,1.1189315501107646
12,GCN+GRU (фикс. граф) + Критик BiGAN,27.0,0.45353484,1.1189315501107646
12,GCN+GRU (фикс. граф) + Критик BiGAN,28.0,0.5361855,1.1189315501107646
12,GCN+GRU (фикс. граф) + Критик BiGAN,29.0,0.35407636,1.1189315501107646
12,GCN+GRU (фикс. граф) + Критик BiGAN,30.0,0.4594589,1.1189315501107646
12,GCN+GRU (фикс. граф) + Критик BiGAN,31.0,0.6269857,1.1189315501107646
12,GCN+GRU (фикс. граф) + Критик BiGAN,32.0,0.5732559,1.1189315501107646
12,GCN+GRU (фикс. граф) + Критик BiGAN,33.0,0.518159,1.1189315501107646
12,GCN+GRU (фикс. граф) + Критик BiGAN,34.0,0.63205135,1.1189315501107646
12,GCN+GRU (фикс. граф) + Критик BiGAN,35.0,0.6125412,1.1189315501107646
12,GCN+GRU (фикс. граф) + Критик BiGAN,36.0,0.6669705,1.1189315501107646
12,GCN+GRU (фикс. граф) + Критик BiGAN,37.0,0.60174227,1.1189315501107646
12,GCN+GRU (фикс. граф) + Критик BiGAN,38.0,0.6166425,1.1189315501107646
12,GCN+GRU (фикс. граф) + Критик BiGAN,39.0,0.6044446,1.1189315501107646
12,GCN+GRU (фикс. граф) + Критик BiGAN,40.0,0.66263604,1.1189315501107646
12,GCN+GRU (фикс. граф) + Критик BiGAN,41.0,0.6766037,1.1189315501107646
12,GCN+GRU (фикс. граф) + Критик BiGAN,42.0,0.46106973,1.1189315501107646
12,GCN+GRU (фикс. граф) + Критик BiGAN,43.0,0.50390524,1.1189315501107646
12,GCN+GRU (фикс. граф) + Критик BiGAN,44.0,0.7926898,1.1189315501107646
12,GCN+GRU (фикс. граф) + Критик BiGAN,45.0,0.89839023,1.1189315501107646
12,GCN+GRU (фикс. граф) + Реконструкция,-45.0,0.16148035,0.8619976570514264
12,GCN+GRU (фикс. граф) + Реконструкция,-44.0,0.18991204,0.8619976570514264
12,GCN+GRU (фикс. граф) + Реконструкция,-43.0,0.18306813,0.8619976570514264
12,GCN+GRU (фикс. граф) + Реконструкция,-42.0,0.2195196,0.8619976570514264
12,GCN+GRU (фикс. граф) + Реконструкция,-41.0,0.2323663,0.8619976570514264
12,GCN+GRU (фикс. граф) + Реконструкция,-40.0,0.22733426,0.8619976570514264
12,GCN+GRU (фикс. граф) + Реконструкция,-39.0,0.23499751,0.8619976570514264
12,GCN+GRU (фикс. граф) + Реконструкция,-38.0,0.22594105,0.8619976570514264
12,GCN+GRU (фикс. граф) + Реконструкция,-37.0,0.20375697,0.8619976570514264
12,GCN+GRU (фикс. граф) + Реконструкция,-36.0,0.21646765,0.8619976570514264
12,GCN+GRU (фикс. граф) + Реконструкция,-35.0,0.23758027,0.8619976570514264
12,GCN+GRU (фикс. граф) + Реконструкция,-34.0,0.2726675,0.8619976570514264
12,GCN+GRU (фикс. граф) + Реконструкция,-33.0,0.24790627,0.8619976570514264
12,GCN+GRU (фикс. граф) + Реконструкция,-32.0,0.21983185,0.8619976570514264
12,GCN+GRU (фикс. граф) + Реконструкция,-31.0,0.21900716,0.8619976570514264
12,GCN+GRU (фикс. граф) + Реконструкция,-30.0,0.20462836,0.8619976570514264
12,GCN+GRU (фикс. граф) + Реконструкция,-29.0,0.20766176,0.8619976570514264
12,GCN+GRU (фикс. граф) + Реконструкция,-15.0,0.45714656,0.8619976570514264
12,GCN+GRU (фикс. граф) + Реконструкция,-14.0,0.51048225,0.8619976570514264
12,GCN+GRU (фикс. граф) + Реконструкция,-13.0,0.5670323,0.8619976570514264
12,GCN+GRU (фикс. граф) + Реконструкция,-12.0,0.66721773,0.8619976570514264
12,GCN+GRU (фикс. граф) + Реконструкция,-11.0,0.6217076,0.8619976570514264
12,GCN+GRU (фикс. граф) + Реконструкция,-10.0,0.559385,0.8619976570514264
12,GCN+GRU (фикс. граф) + Реконструкция,-9.0,0.45631695,0.8619976570514264
12,GCN+GRU (фикс. граф) + Реконструкция,-8.0,0.5577901,0.8619976570514264
12,GCN+GRU (фикс. граф) + Реконструкция,-7.0,0.57129973,0.8619976570514264
12,GCN+GRU (фикс. граф) + Реконструкция,-6.0,0.686874,0.8619976570514264
12,GCN+GRU (фикс. граф) + Реконструкция,-5.0,0.72916114,0.8619976570514264
12,GCN+GRU (фикс. граф) + Реконструкция,-4.0,0.72737426,0.8619976570514264
12,GCN+GRU (фикс. граф) + Реконструкция,-3.0,0.7415664,0.8619976570514264
12,GCN+GRU (фикс. граф) + Реконструкция,-2.0,0.65441954,0.8619976570514264
12,GCN+GRU (фикс. граф) + Реконструкция,-1.0,0.7416276,0.8619976570514264
12,GCN+GRU (фикс. граф) + Реконструкция,0.0,0.7615441,0.8619976570514264
12,GCN+GRU (фикс. граф) + Реконструкция,1.0,0.71097183,0.8619976570514264
12,GCN+GRU (фикс. граф) + Реконструкция,2.0,0.67595345,0.8619976570514264
12,GCN+GRU (фикс. граф) + Реконструкция,3.0,0.7574369,0.8619976570514264
12,GCN+GRU (фикс. граф) + Реконструкция,4.0,0.7172447,0.8619976570514264
12,GCN+GRU (фикс. граф) + Реконструкция,5.0,0.716864,0.8619976570514264
12,GCN+GRU (фикс. граф) + Реконструкция,6.0,0.7272011,0.8619976570514264
12,GCN+GRU (фикс. граф) + Реконструкция,7.0,0.7533794,0.8619976570514264
12,GCN+GRU (фикс. граф) + Реконструкция,8.0,0.69322824,0.8619976570514264
12,GCN+GRU (фикс. граф) + Реконструкция,9.0,0.47136733,0.8619976570514264
12,GCN+GRU (фикс. граф) + Реконструкция,10.0,0.44891873,0.8619976570514264
12,GCN+GRU (фикс. граф) + Реконструкция,11.0,0.51910174,0.8619976570514264
12,GCN+GRU (фикс. граф) + Реконструкция,12.0,0.5421076,0.8619976570514264
12,GCN+GRU (фикс. граф) + Реконструкция,13.0,0.5615404,0.8619976570514264
12,GCN+GRU (фикс. граф) + Реконструкция,14.0,0.6732142,0.8619976570514264
12,GCN+GRU (фикс. граф) + Реконструкция,15.0,0.6753131,0.8619976570514264
12,GCN+GRU (фикс. граф) + Реконструкция,16.0,0.6768367,0.8619976570514264
12,GCN+GRU (фикс. граф) + Реконструкция,17.0,0.6379401,0.8619976570514264
12,GCN+GRU (фикс. граф) + Реконструкция,18.0,0.64159435,0.8619976570514264
12,GCN+GRU (фикс. граф) + Реконструкция,19.0,0.8907541,0.8619976570514264
12,GCN+GRU (фикс. граф) + Реконструкция,20.0,0.87352055,0.8619976570514264
12,GCN+GRU (фикс. граф) + Реконструкция,21.0,0.8618108,0.8619976570514264
12,GCN+GRU (фикс. граф) + Реконструкция,22.0,0.7544034,0.8619976570514264
12,GCN+GRU (фикс. граф) + Реконструкция,23.0,0.81688195,0.8619976570514264
12,GCN+GRU (фикс. граф) + Реконструкция,24.0,0.77307844,0.8619976570514264
12,GCN+GRU (фикс. граф) + Реконструкция,25.0,0.5883016,0.8619976570514264
12,GCN+GRU (фикс. граф) + Реконструкция,26.0,0.6289784,0.8619976570514264
12,GCN+GRU (фикс. граф) + Реконструкция,27.0,0.58807653,0.8619976570514264
12,GCN+GRU (фикс. граф) + Реконструкция,28.0,0.5831047,0.8619976570514264
12,GCN+GRU (фикс. граф) + Реконструкция,29.0,0.6053237,0.8619976570514264
12,GCN+GRU (фикс. граф) + Реконструкция,30.0,0.62923163,0.8619976570514264
12,GCN+GRU (фикс. граф) + Реконструкция,31.0,0.6193993,0.8619976570514264
12,GCN+GRU (фикс. граф) + Реконструкция,32.0,0.68568873,0.8619976570514264
12,GCN+GRU (фикс. граф) + Реконструкция,33.0,0.6205234,0.8619976570514264
12,GCN+GRU (фикс. граф) + Реконструкция,34.0,0.71879643,0.8619976570514264
12,GCN+GRU (фикс. граф) + Реконструкция,35.0,0.44669285,0.8619976570514264
12,GCN+GRU (фикс. граф) + Реконструкция,36.0,0.4400224,0.8619976570514264
12,GCN+GRU (фикс. граф) + Реконструкция,37.0,0.6395935,0.8619976570514264
12,GCN+GRU (фикс. граф) + Реконструкция,38.0,0.66727364,0.8619976570514264
12,GCN+GRU (фикс. граф) + Реконструкция,39.0,0.6726511,0.8619976570514264
12,GCN+GRU (фикс. граф) + Реконструкция,40.0,0.6701169,0.8619976570514264
12,GCN+GRU (фикс. граф) + Реконструкция,41.0,0.8190731,0.8619976570514264
12,GCN+GRU (фикс. граф) + Реконструкция,42.0,0.85408986,0.8619976570514264
12,GCN+GRU (фикс. граф) + Реконструкция,43.0,0.8797875,0.8619976570514264
12,GCN+GRU (фикс. граф) + Реконструкция,44.0,0.87135065,0.8619976570514264
12,GCN+GRU (фикс. граф) + Реконструкция,45.0,0.82674325,0.8619976570514264
