label,group,q,c,params,g3
California алгоритм (AID),baseline,0.08311731110582647,0.0097298824366912,3.0,Контроли и бейзлайны
GAT+LSTM (обуч. внимание) + Реконструкция,candidate,0.11470595939199602,0.48108115918840305,152728.0,Кандидаты
GCN+GRU (фикс. граф) + Критик BiGAN,candidate,0.21218716098908397,0.08734927994905525,150391.0,Кандидаты
GCN+GRU (фикс. граф) + Невязка LWR,candidate,0.058337411455781474,0.17434868189220706,153068.0,Кандидаты
GCN+GRU (фикс. граф) + Реконструкция,candidate,0.1466324245025277,0.17268133519427448,144516.0,Кандидаты
GCN+GRU (фикс. граф) + Реконструкция [необучен],control,0.10308441558441558,0.2688071441591984,144516.0,Контроли и бейзлайны
Isolation Forest,baseline,0.2806355598018051,1.6624279868478773,150.0,Контроли и бейзлайны
PCA (линейная граница),control,0.16324160597420917,0.1036417597261271,1204224.0,Контроли и бейзлайны
Standard Normal Deviate (AID),baseline,0.209933850670141,0.03961981064756555,3.0,Контроли и бейзлайны
Transformer (без графа) + Контрастив,non_graph,0.1209358187213466,0.15566566056612025,159840.0,Без графа
Гиперграф+Bi-GLU + Плотность (flow),candidate,0.16670479358829352,0.08552012579294879,154440.0,Кандидаты
Случайный score (контроль),control,0.12518689809951714,0.0025518446155803182,0.0,Контроли и бейзлайны
