threshold,threshold_source,alarm_budget_per_hour,fpr_observed,persistence,event_recall,n_events,n_detected,median_delay_min,mean_delay_min,p90_delay_min,earlier_than_report_share,padf,alarms_per_hour,config,label,dataset,seed
1.5634796023368895,validation,0.25,0.00010764262648008612,3,0.0,9,0,,,,0.0,0.0,0.18763029881862403,ctrl_random,Случайный score (контроль),synthetic,0
1.4617069363594128,validation,0.5,0.00032292787944025834,3,0.2222222222222222,9,2,7.5,7.5,16.7,0.5,0.15729099423015488,0.5628908964558721,ctrl_random,Случайный score (контроль),synthetic,0
1.359128773212439,validation,1.0,0.0005142925487381892,3,0.3333333333333333,9,3,15.0,10.0,18.2,0.3333333333333333,0.21284654978571044,0.8964558721334259,ctrl_random,Случайный score (контроль),synthetic,0
1.2471308112144497,validation,2.0,0.0011601483076187059,3,0.4444444444444444,9,4,12.0,9.75,17.8,0.25,0.286152544828649,2.02223766504517,ctrl_random,Случайный score (контроль),synthetic,0
1.044102370738984,validation,5.0,0.0034206434637005143,3,0.6666666666666666,9,6,12.0,11.0,25.0,0.3333333333333333,0.42378703382616056,5.962473940236275,ctrl_random,Случайный score (контроль),synthetic,0
0.9313271939754557,validation,10.0,0.0057170194952756844,3,0.7777777777777778,9,7,15.0,14.428571428571429,32.6,0.2857142857142857,0.44583427065905223,9.965253648366922,ctrl_random,Случайный score (контроль),synthetic,0
0.7790746390819612,validation,20.0,0.010859944982657577,3,0.8888888888888888,9,8,-2.5,5.25,20.999999999999996,0.625,0.7064643429869414,18.92981236970118,ctrl_random,Случайный score (контроль),synthetic,0
3.0050412416458157,validation,0.25,0.0316349718933142,3,0.8888888888888888,9,8,7.0,5.75,8.3,0.125,0.6671836265894444,55.14246004169562,ctrl_untrained,GCN+GRU (фикс. граф) + Реконструкция [необучен],synthetic,0
2.9454759359359755,validation,0.5,0.03229278794402583,3,0.8888888888888888,9,8,7.0,5.75,8.3,0.125,0.6671836265894444,56.28908964558721,ctrl_untrained,GCN+GRU (фикс. граф) + Реконструкция [необучен],synthetic,0
2.7418545484542873,validation,1.0,0.035091496232508075,3,0.8888888888888888,9,8,7.0,5.5,8.3,0.125,0.6747970067522446,61.167477414871435,ctrl_untrained,GCN+GRU (фикс. граф) + Реконструкция [необучен],synthetic,0
2.382574200630189,validation,2.0,0.041621815572299964,3,0.8888888888888888,9,8,7.0,5.125,7.3,0.125,0.6858773296480938,72.55038220986796,ctrl_untrained,GCN+GRU (фикс. граф) + Реконструкция [необучен],synthetic,0
2.2951492071151742,validation,5.0,0.04494677670135151,3,0.8888888888888888,9,8,6.0,4.875,7.3,0.125,0.6934825884336515,78.34607366226545,ctrl_untrained,GCN+GRU (фикс. граф) + Реконструкция [необучен],synthetic,0
2.252105116844178,validation,10.0,0.047805286448989355,3,0.8888888888888888,9,8,6.0,4.75,7.3,0.125,0.6976534073401724,83.32870048644892,ctrl_untrained,GCN+GRU (фикс. граф) + Реконструкция [необучен],synthetic,0
2.195874810218812,validation,20.0,0.054096399952158834,3,0.8888888888888888,9,8,6.0,4.75,7.3,0.125,0.6976534073401724,94.2946490618485,ctrl_untrained,GCN+GRU (фикс. граф) + Реконструкция [необучен],synthetic,0
0.10855511203408244,validation,0.25,0.03981581150580074,3,1.0,9,9,3.0,6.333333333333333,9.400000000000006,0.0,0.8050192764876892,69.40236275191104,base_pca,PCA (линейная граница),synthetic,0
0.09879096969962123,validation,0.5,0.04169357732328669,3,1.0,9,9,3.0,6.333333333333333,9.400000000000006,0.0,0.8050192764876892,72.67546907574705,base_pca,PCA (линейная граница),synthetic,0
0.09077414497733118,validation,1.0,0.0439540724793685,3,1.0,9,9,3.0,6.333333333333333,9.400000000000006,0.0,0.8050192764876892,76.61570535093814,base_pca,PCA (линейная граница),synthetic,0
0.08302709832787523,validation,2.0,0.04623848821911255,3,1.0,9,9,3.0,6.333333333333333,9.400000000000006,0.0,0.8050192764876892,80.59763724808894,base_pca,PCA (линейная граница),synthetic,0
0.07602960988879212,validation,5.0,0.04924052146872384,3,1.0,9,9,3.0,6.111111111111111,9.400000000000006,0.0,0.8141685932125987,85.83043780403057,base_pca,PCA (линейная граница),synthetic,0
0.07002416625618943,validation,10.0,0.05357014711158952,3,1.0,9,9,2.0,5.888888888888889,9.400000000000006,0.0,0.8233179099375083,93.37734537873523,base_pca,PCA (линейная граница),synthetic,0
0.06390355154871949,validation,20.0,0.06071044133476857,3,1.0,9,9,2.0,5.555555555555555,9.400000000000006,0.0,0.8374745939337852,105.82348853370395,base_pca,PCA (линейная граница),synthetic,0
-0.5592877566794641,validation,0.25,0.0013873938524099987,3,0.8888888888888888,9,8,4.0,3.75,4.0,0.0,0.7478208623953034,2.4183460736622653,base_california,California алгоритм (AID),synthetic,0
-0.6466515958307744,validation,0.5,0.0017581628991747398,3,0.8888888888888888,9,8,4.0,3.375,4.0,0.0,0.7615546077028177,3.064628214037526,base_california,California алгоритм (AID),synthetic,0
-0.6775424778448549,validation,1.0,0.0020332496112905156,3,0.8888888888888888,9,8,4.0,3.375,4.0,0.0,0.7615546077028177,3.5441278665740095,base_california,California алгоритм (AID),synthetic,0
-0.7116127312167316,validation,2.0,0.0028704700394689632,3,0.8888888888888888,9,8,4.0,2.75,4.0,0.125,0.7803059525758412,5.0034746351633075,base_california,California алгоритм (AID),synthetic,0
-0.7608157098273266,validation,5.0,0.005681138619782322,3,0.8888888888888888,9,8,3.0,2.375,4.0,0.125,0.7940396978833556,9.90271021542738,base_california,California алгоритм (AID),synthetic,0
-0.793379038571183,validation,10.0,0.008240641071642149,3,0.8888888888888888,9,8,3.0,2.25,4.0,0.125,0.799057297448865,14.364141765114663,base_california,California алгоритм (AID),synthetic,0
-0.8320619761931112,validation,20.0,0.014986245664394212,3,0.8888888888888888,9,8,1.5,1.125,4.0,0.25,0.8178086423218885,26.122307157748434,base_california,California алгоритм (AID),synthetic,0
0.10183657333254814,validation,0.25,0.01585934696806602,3,1.0,9,9,3.0,6.333333333333333,9.400000000000006,0.0,0.8050192764876892,27.644197359277275,cand_gcngru_recon,GCN+GRU (фикс. граф) + Реконструкция,synthetic,0
0.09895303472876553,validation,0.5,0.016421480684128693,3,1.0,9,9,3.0,6.333333333333333,9.400000000000006,0.0,0.8050192764876892,28.624044475330088,cand_gcngru_recon,GCN+GRU (фикс. граф) + Реконструкция,synthetic,0
0.09069659933447843,validation,1.0,0.018610214089223778,3,1.0,9,9,3.0,6.222222222222222,9.400000000000006,0.0,0.809593934850144,32.43919388464211,cand_gcngru_recon,GCN+GRU (фикс. граф) + Реконструкция,synthetic,0
0.08685245737433435,validation,2.0,0.020141131443607223,3,1.0,9,9,3.0,6.222222222222222,9.400000000000006,0.0,0.809593934850144,35.10771369006254,cand_gcngru_recon,GCN+GRU (фикс. граф) + Реконструкция,synthetic,0
0.08109445497393615,validation,5.0,0.022628872144480325,3,1.0,9,9,2.0,5.333333333333333,9.400000000000006,0.1111111111111111,0.8285518639574738,39.44405837387074,cand_gcngru_recon,GCN+GRU (фикс. граф) + Реконструкция,synthetic,0
0.0758583284914494,validation,10.0,0.026647530199736872,3,1.0,9,9,2.0,5.111111111111111,9.400000000000006,0.1111111111111111,0.8331265223199286,46.44892286309937,cand_gcngru_recon,GCN+GRU (фикс. граф) + Реконструкция,synthetic,0
0.06931536272168161,validation,20.0,0.03604831957899773,3,1.0,9,9,2.0,5.0,9.400000000000006,0.1111111111111111,0.8379175351368396,62.835302293259204,cand_gcngru_recon,GCN+GRU (фикс. граф) + Реконструкция,synthetic,0
-192.62390899658203,validation,0.25,0.013252003348881713,3,0.8888888888888888,9,8,3.0,3.25,4.0,0.0,0.7652931589078974,23.099374565670605,cand_hypergraph_flow,Гиперграф+Bi-GLU + Плотность (flow),synthetic,0
-192.62479400634766,validation,0.5,0.015189570625523263,3,0.8888888888888888,9,8,3.0,2.625,4.0,0.125,0.7840445037809209,26.476719944405836,cand_hypergraph_flow,Гиперграф+Bi-GLU + Плотность (flow),synthetic,0
-192.62548065185544,validation,1.0,0.01727066140413826,3,1.0,9,9,3.0,6.111111111111111,10.200000000000006,0.1111111111111111,0.8104598147419613,30.104239054899235,cand_hypergraph_flow,Гиперграф+Bi-GLU + Плотность (flow),synthetic,0
-192.62628936767578,validation,2.0,0.020141131443607223,3,1.0,9,9,3.0,6.0,10.200000000000006,0.1111111111111111,0.8150344731044158,35.10771369006254,cand_hypergraph_flow,Гиперграф+Bi-GLU + Плотность (flow),synthetic,0
-192.62728118896482,validation,5.0,0.024853486425068773,3,1.0,9,9,3.0,5.333333333333333,10.200000000000006,0.2222222222222222,0.8248430854868363,43.32175121612231,cand_hypergraph_flow,Гиперграф+Bi-GLU + Плотность (flow),synthetic,0
-192.62807464599607,validation,10.0,0.030127975122592993,3,1.0,9,9,3.0,4.555555555555555,10.200000000000006,0.3333333333333333,0.8346516978692566,52.51563585823488,cand_hypergraph_flow,Гиперграф+Bi-GLU + Плотность (flow),synthetic,0
-192.62891387939453,validation,20.0,0.039504843918191604,3,1.0,9,9,2.0,3.3333333333333335,9.400000000000006,0.4444444444444444,0.8579777011047349,68.86031966643502,cand_hypergraph_flow,Гиперграф+Bi-GLU + Плотность (flow),synthetic,0
1.7387089133262683,validation,0.25,4.784116732448272e-05,3,0.0,9,0,,,,0.0,0.0,0.08339124391938846,ctrl_random,Случайный score (контроль),synthetic,1
1.620792686939244,validation,0.5,0.00010764262648008612,3,0.1111111111111111,9,1,-4.0,-4.0,-4.0,1.0,0.1111111111111111,0.18763029881862403,ctrl_random,Случайный score (контроль),synthetic,1
1.450354516506198,validation,1.0,0.000299007295778017,3,0.1111111111111111,9,1,-4.0,-4.0,-4.0,1.0,0.1111111111111111,0.5211952744961779,ctrl_random,Случайный score (контроль),synthetic,1
1.3090540766716066,validation,2.0,0.0009089821791651717,3,0.1111111111111111,9,1,-4.0,-4.0,-4.0,1.0,0.1111111111111111,1.5844336344683807,ctrl_random,Случайный score (контроль),synthetic,1
1.1076806187629746,validation,5.0,0.0025953833273531872,3,0.5555555555555556,9,5,2.0,3.6,9.8,0.2,0.4621147833881756,4.523974982626824,ctrl_random,Случайный score (контроль),synthetic,1
0.9434719383716604,validation,10.0,0.0052027269465374955,3,0.8888888888888888,9,8,6.5,6.125,12.2,0.125,0.6723424478362375,9.068797776233495,ctrl_random,Случайный score (контроль),synthetic,1
0.7713958323001893,validation,20.0,0.010764262648008612,3,0.8888888888888888,9,8,3.0,3.125,8.899999999999999,0.25,0.7497921366546185,18.763029881862405,ctrl_random,Случайный score (контроль),synthetic,1
3.034943222999576,validation,0.25,0.031754574811625406,3,0.8888888888888888,9,8,7.0,5.75,8.3,0.125,0.6671836265894444,55.35093815149409,ctrl_untrained,GCN+GRU (фикс. граф) + Реконструкция [необучен],synthetic,1
2.982652544975283,validation,0.5,0.03232866881951919,3,0.8888888888888888,9,8,7.0,5.75,8.3,0.125,0.6671836265894444,56.35163307852675,ctrl_untrained,GCN+GRU (фикс. граф) + Реконструкция [необучен],synthetic,1
2.7858799695968637,validation,1.0,0.03500777418969023,3,0.8888888888888888,9,8,7.0,5.5,8.3,0.125,0.6747970067522446,61.021542738012506,ctrl_untrained,GCN+GRU (фикс. граф) + Реконструкция [необучен],synthetic,1
2.404185414314271,validation,2.0,0.0419327831599091,3,0.8888888888888888,9,8,7.0,5.125,7.3,0.125,0.6858773296480938,73.09242529534399,ctrl_untrained,GCN+GRU (фикс. граф) + Реконструкция [необучен],synthetic,1
2.303852677345279,validation,5.0,0.045688314794880995,3,0.8888888888888888,9,8,6.0,4.875,7.3,0.125,0.6934825884336515,79.63863794301598,ctrl_untrained,GCN+GRU (фикс. граф) + Реконструкция [необучен],synthetic,1
2.2628363370895386,validation,10.0,0.04843918191603875,3,0.8888888888888888,9,8,6.0,4.75,7.3,0.125,0.6976534073401724,84.43363446838082,ctrl_untrained,GCN+GRU (фикс. граф) + Реконструкция [необучен],synthetic,1
2.2030900716781616,validation,20.0,0.0548857792130128,3,0.8888888888888888,9,8,6.0,4.75,7.3,0.125,0.6976534073401724,95.67060458651841,ctrl_untrained,GCN+GRU (фикс. граф) + Реконструкция [необучен],synthetic,1
0.10855511203408244,validation,0.25,0.03981581150580074,3,1.0,9,9,3.0,6.333333333333333,9.400000000000006,0.0,0.8050192764876892,69.40236275191104,base_pca,PCA (линейная граница),synthetic,1
0.09879096969962123,validation,0.5,0.04169357732328669,3,1.0,9,9,3.0,6.333333333333333,9.400000000000006,0.0,0.8050192764876892,72.67546907574705,base_pca,PCA (линейная граница),synthetic,1
0.09077414497733118,validation,1.0,0.0439540724793685,3,1.0,9,9,3.0,6.333333333333333,9.400000000000006,0.0,0.8050192764876892,76.61570535093814,base_pca,PCA (линейная граница),synthetic,1
0.08302709832787523,validation,2.0,0.04623848821911255,3,1.0,9,9,3.0,6.333333333333333,9.400000000000006,0.0,0.8050192764876892,80.59763724808894,base_pca,PCA (линейная граница),synthetic,1
0.07602960988879212,validation,5.0,0.04924052146872384,3,1.0,9,9,3.0,6.111111111111111,9.400000000000006,0.0,0.8141685932125987,85.83043780403057,base_pca,PCA (линейная граница),synthetic,1
0.07002416625618943,validation,10.0,0.05357014711158952,3,1.0,9,9,2.0,5.888888888888889,9.400000000000006,0.0,0.8233179099375083,93.37734537873523,base_pca,PCA (линейная граница),synthetic,1
0.06390355154871949,validation,20.0,0.06071044133476857,3,1.0,9,9,2.0,5.555555555555555,9.400000000000006,0.0,0.8374745939337852,105.82348853370395,base_pca,PCA (линейная граница),synthetic,1
-0.5592877566794641,validation,0.25,0.0013873938524099987,3,0.8888888888888888,9,8,4.0,3.75,4.0,0.0,0.7478208623953034,2.4183460736622653,base_california,California алгоритм (AID),synthetic,1
-0.6466515958307744,validation,0.5,0.0017581628991747398,3,0.8888888888888888,9,8,4.0,3.375,4.0,0.0,0.7615546077028177,3.064628214037526,base_california,California алгоритм (AID),synthetic,1
-0.6775424778448549,validation,1.0,0.0020332496112905156,3,0.8888888888888888,9,8,4.0,3.375,4.0,0.0,0.7615546077028177,3.5441278665740095,base_california,California алгоритм (AID),synthetic,1
-0.7116127312167316,validation,2.0,0.0028704700394689632,3,0.8888888888888888,9,8,4.0,2.75,4.0,0.125,0.7803059525758412,5.0034746351633075,base_california,California алгоритм (AID),synthetic,1
-0.7608157098273266,validation,5.0,0.005681138619782322,3,0.8888888888888888,9,8,3.0,2.375,4.0,0.125,0.7940396978833556,9.90271021542738,base_california,California алгоритм (AID),synthetic,1
-0.793379038571183,validation,10.0,0.008240641071642149,3,0.8888888888888888,9,8,3.0,2.25,4.0,0.125,0.799057297448865,14.364141765114663,base_california,California алгоритм (AID),synthetic,1
-0.8320619761931112,validation,20.0,0.014986245664394212,3,0.8888888888888888,9,8,1.5,1.125,4.0,0.25,0.8178086423218885,26.122307157748434,base_california,California алгоритм (AID),synthetic,1
0.1038323231041432,validation,0.25,0.015428776462145676,3,1.0,9,9,3.0,6.333333333333333,9.400000000000006,0.0,0.8050192764876892,26.89367616400278,cand_gcngru_recon,GCN+GRU (фикс. граф) + Реконструкция,synthetic,1
0.09761841967701922,validation,0.5,0.016576964477933262,3,1.0,9,9,3.0,6.222222222222222,9.400000000000006,0.0,0.809593934850144,28.895066018068103,cand_gcngru_recon,GCN+GRU (фикс. граф) + Реконструкция,synthetic,1
0.09057014808058747,validation,1.0,0.01850257146274369,3,1.0,9,9,3.0,6.222222222222222,9.400000000000006,0.0,0.809593934850144,32.25156358582349,cand_gcngru_recon,GCN+GRU (фикс. граф) + Реконструкция,synthetic,1
0.08627698197960855,validation,2.0,0.020236813778256188,3,1.0,9,9,3.0,6.111111111111111,9.400000000000006,0.0,0.8141685932125987,35.27449617790132,cand_gcngru_recon,GCN+GRU (фикс. граф) + Реконструкция,synthetic,1
0.08090308681130415,validation,5.0,0.022652792728142565,3,1.0,9,9,2.0,5.333333333333333,9.400000000000006,0.1111111111111111,0.8285518639574738,39.485753995830436,cand_gcngru_recon,GCN+GRU (фикс. граф) + Реконструкция,synthetic,1
0.0756075717508793,validation,10.0,0.02659968903241239,3,1.0,9,9,2.0,5.222222222222222,9.400000000000006,0.1111111111111111,0.8331265223199286,46.36553161917998,cand_gcngru_recon,GCN+GRU (фикс. граф) + Реконструкция,synthetic,1
0.06939080730080611,validation,20.0,0.03574931228321971,3,1.0,9,9,2.0,5.0,9.400000000000006,0.1111111111111111,0.8379175351368396,62.314107018763025,cand_gcngru_recon,GCN+GRU (фикс. граф) + Реконструкция,synthetic,1
-192.93289947509766,validation,0.25,0.009974883387154647,3,0.8888888888888888,9,8,3.0,3.125,4.0,0.0,0.7698678172703521,17.387074357192493,cand_hypergraph_flow,Гиперграф+Bi-GLU + Плотность (flow),synthetic,1
-192.93346405029294,validation,0.5,0.010477215644061715,3,0.8888888888888888,9,8,3.0,3.125,4.0,0.0,0.7698678172703521,18.262682418346074,cand_hypergraph_flow,Гиперграф+Bi-GLU + Плотность (flow),synthetic,1
-192.93480682373044,validation,1.0,0.011840688912809472,3,0.8888888888888888,9,8,3.0,3.0,4.0,0.0,0.7742358913985006,20.639332870048644,cand_hypergraph_flow,Гиперграф+Bi-GLU + Плотность (flow),synthetic,1
-192.93598175048828,validation,2.0,0.013120440138739385,3,0.8888888888888888,9,8,3.0,3.0,4.0,0.0,0.7742358913985006,22.870048644892286,cand_hypergraph_flow,Гиперграф+Bi-GLU + Плотность (flow),synthetic,1
-192.93746185302732,validation,5.0,0.015273292668341107,3,1.0,9,9,3.0,5.666666666666667,10.200000000000006,0.1111111111111111,0.8196091314668705,26.622654621264765,cand_hypergraph_flow,Гиперграф+Bi-GLU + Плотность (flow),synthetic,1
-192.93883514404294,validation,10.0,0.019746441813180242,3,1.0,9,9,2.0,4.888888888888889,9.400000000000006,0.2222222222222222,0.8383604763398941,34.41973592772759,cand_hypergraph_flow,Гиперграф+Bi-GLU + Плотность (flow),synthetic,1
-192.9401168823242,validation,20.0,0.02675517282621696,3,1.0,9,9,2.0,4.333333333333333,9.400000000000006,0.3333333333333333,0.8481690887223146,46.636553161917995,cand_hypergraph_flow,Гиперграф+Bi-GLU + Плотность (flow),synthetic,1
