config,label,group,group_label,encoder,head,encoder_label,head_label,mechanism,baseline,dataset,seed,block,rationale,n_params,hidden,budget_within_tolerance,epochs_run,train_seconds,inference_ms_per_window,best_val_loss,uses_graph,threshold,threshold_source,alarm_budget_per_hour,fpr_observed,persistence,event_recall,n_events,n_detected,median_delay_min,mean_delay_min,p90_delay_min,earlier_than_report_share,padf,alarms_per_hour,average_precision,prevalence,roc_auc_reference_only,pa_f1_INVALID_for_ranking,f1_oracle_threshold_upper_bound,oracle_threshold,f1_at_fpr_threshold,pa_inflation_ratio,ap_lift_over_random
ctrl_random,Случайный score (контроль),control,Протокольный контроль,,,,,none,random,synthetic,0,synthetic|s0,"Случайный score. Kim et al. (2021): при point-adjustment он выходит на уровень SOTA. Если здесь он попадает в верхнюю половину по основной метрике — метрика выбрана неверно и остальная таблица недействительна. Ожидается AP≈prevalence, padf≈0.",0,,True,0,6.00004568696022e-07,0.00032748437008954447,,False,1.359128773212439,validation,1.0,0.0005142925487381892,3,0.3333333333333333,9,3,15.0,10.0,18.2,0.3333333333333333,0.21284654978571044,0.8964558721334259,0.03219937868441579,0.03161917998610146,0.5051429035820855,0.8579428784767594,0.060353700757930194,0.09127922356128693,0.0499115739831008,17.189257120347357,1.0183495808104246
ctrl_untrained,GCN+GRU (фикс. граф) + Реконструкция [необучен],control,Протокольный контроль,gcn_gru,recon,GCN+GRU (фикс. граф),Реконструкция,reconstruction,,synthetic,0,synthetic|s0,Та же архитектура со случайными весами. У Kim et al. необученная модель оказалась сравнима с опубликованными методами даже без PA. Разность «обученная − эта» — измеренный вклад обучения.,55234,88.0,True,0,2.00001522898674e-07,0.06219913134635494,,True,2.7418545484542873,validation,1.0,0.035091496232508075,3,0.8888888888888888,9,8,7.0,5.5,8.3,0.125,0.6747970067522446,61.167477414871435,0.1608355904844677,0.03161917998610146,0.6365183700006091,0.9778914672026311,0.22979072630283134,4.004572868347168,0.21958731136433632,4.453314998607214,5.086646477080198
base_pca,PCA (линейная граница),control,Протокольный контроль,,,,,none,pca,synthetic,0,synthetic|s0,Линейная нижняя граница. Sehili et al. (2023): PCA превосходит многие DL-подходы; Alves et al. (2026) подтвердили на SMD без point-adjustment. Если ST-GNN не отрывается от PCA значимо — это и есть результат.,36720,,True,0,0.28400310000870377,0.01306612229186982,,False,0.09077414497733118,validation,1.0,0.0439540724793685,3,1.0,9,9,3.0,6.333333333333333,9.400000000000006,0.0,0.8050192764876892,76.61570535093814,0.40442710126459996,0.03161917998610146,0.891458680258465,0.9672871859750587,0.42564740472690266,0.0917208343744278,0.4257526214905852,2.2719465181177956,12.790562609225478
base_california,California алгоритм (AID),baseline,Бейзлайн,,,,,none,california,synthetic,0,synthetic|s0,"Канонический AID-алгоритм по пространственным разностям занятости. Обязателен для транспортного журнала: без него работа читается как ML-статья про трафик, а не как вклад в автоматическое обнаружение инцидентов.",3,,True,0,0.008315599989145994,0.0014908964620466922,,True,-0.6775424778448549,validation,1.0,0.0020332496112905156,3,0.8888888888888888,9,8,4.0,3.375,4.0,0.0,0.7615546077028177,3.5441278665740095,0.10203486574687763,0.03161917998610146,0.5415283829115907,0.9736219756230672,0.18771788683293109,-0.2882522940635681,0.11666330848277251,8.345571442171472,3.226992787027624
cand_gcngru_recon,GCN+GRU (фикс. граф) + Реконструкция,candidate,Кандидат,gcn_gru,recon,GCN+GRU (фикс. граф),Реконструкция,reconstruction,,synthetic,0,synthetic|s0,"РЕФЕРЕНС. Бенчмарк FT-AED (Coursey et al., 2024): unsupervised графовые автоэнкодеры — лучшее семейство на этих данных, а игнорирование пространственных связей ухудшает качество. Все остальные кандидаты сравниваются с этой точкой.",55234,88.0,True,6,4.110207099991385,0.024462925642987687,0.03457842911170288,True,0.09069659933447843,validation,1.0,0.018610214089223778,3,1.0,9,9,3.0,6.222222222222222,9.400000000000006,0.0,0.809593934850144,32.43919388464211,0.429432303060177,0.03161917998610146,0.820024656601621,0.9859985261606485,0.4598514326140785,0.10355402529239655,0.44581640942323314,2.2116694345913963,13.581386463815267
cand_hypergraph_flow,Гиперграф+Bi-GLU + Плотность (flow),candidate,Кандидат,hypergraph,flow,Гиперграф+Bi-GLU,Плотность (flow),density,,synthetic,0,synthetic|s0,"DHMPN-подобная связка: направленный гиперграф + нормализующий поток. Явная плотность вместо эвристики, дешевле трансформеров, заявлено превосходство над SOTA-графами. Единственный кандидат с калиброванным вероятностным score — нужен для safety-валидатора в контуре устранения.",59200,64.0,True,6,7.322788699995726,0.05894075746064238,-192.63489532470703,True,-192.62548065185544,validation,1.0,0.01727066140413826,3,1.0,9,9,3.0,6.111111111111111,10.200000000000006,0.1111111111111111,0.8104598147419613,30.104239054899235,0.36877121364316906,0.03161917998610146,0.7708167345949908,0.9795021961932651,0.4132959551461754,-192.62127685546875,0.36640995260663506,2.673241240378709,11.662896185330116
ctrl_random,Случайный score (контроль),control,Протокольный контроль,,,,,none,random,synthetic,1,synthetic|s1,"Случайный score. Kim et al. (2021): при point-adjustment он выходит на уровень SOTA. Если здесь он попадает в верхнюю половину по основной метрике — метрика выбрана неверно и остальная таблица недействительна. Ожидается AP≈prevalence, padf≈0.",0,,True,0,8.00006091594696e-07,0.00031435023006271825,,False,1.450354516506198,validation,1.0,0.000299007295778017,3,0.1111111111111111,9,1,-4.0,-4.0,-4.0,1.0,0.1111111111111111,0.5211952744961779,0.03204457706442265,0.03161917998610146,0.5054725870549337,0.8939368632036078,0.06095860566448802,-0.0063979895785450935,0.04538375973303671,19.697285294608903,1.0134537669385537
ctrl_untrained,GCN+GRU (фикс. граф) + Реконструкция [необучен],control,Протокольный контроль,gcn_gru,recon,GCN+GRU (фикс. граф),Реконструкция,reconstruction,,synthetic,1,synthetic|s1,Та же архитектура со случайными весами. У Kim et al. необученная модель оказалась сравнима с опубликованными методами даже без PA. Разность «обученная − эта» — измеренный вклад обучения.,55234,88.0,True,0,2.00001522898674e-07,0.025873662268191502,,True,2.7858799695968637,validation,1.0,0.03500777418969023,3,0.8888888888888888,9,8,7.0,5.5,8.3,0.125,0.6747970067522446,61.021542738012506,0.15982655415667782,0.03161917998610146,0.6363665553439504,0.9780701754385965,0.22931291214635183,4.2172017097473145,0.21869216533004318,4.472360379085938,5.0547343171749315
base_pca,PCA (линейная граница),control,Протокольный контроль,,,,,none,pca,synthetic,1,synthetic|s1,Линейная нижняя граница. Sehili et al. (2023): PCA превосходит многие DL-подходы; Alves et al. (2026) подтвердили на SMD без point-adjustment. Если ST-GNN не отрывается от PCA значимо — это и есть результат.,36720,,True,0,0.25158629997167736,0.012426997927781855,,False,0.09077414497733118,validation,1.0,0.0439540724793685,3,1.0,9,9,3.0,6.333333333333333,9.400000000000006,0.0,0.8050192764876892,76.61570535093814,0.40442710126459996,0.03161917998610146,0.891458680258465,0.9672871859750587,0.42564740472690266,0.0917208343744278,0.4257526214905852,2.2719465181177956,12.790562609225478
base_california,California алгоритм (AID),baseline,Бейзлайн,,,,,none,california,synthetic,1,synthetic|s1,"Канонический AID-алгоритм по пространственным разностям занятости. Обязателен для транспортного журнала: без него работа читается как ML-статья про трафик, а не как вклад в автоматическое обнаружение инцидентов.",3,,True,0,0.006716399977449328,0.0011862404570061147,,True,-0.6775424778448549,validation,1.0,0.0020332496112905156,3,0.8888888888888888,9,8,4.0,3.375,4.0,0.0,0.7615546077028177,3.5441278665740095,0.10203486574687763,0.03161917998610146,0.5415283829115907,0.9736219756230672,0.18771788683293109,-0.2882522940635681,0.11666330848277251,8.345571442171472,3.226992787027624
cand_gcngru_recon,GCN+GRU (фикс. граф) + Реконструкция,candidate,Кандидат,gcn_gru,recon,GCN+GRU (фикс. граф),Реконструкция,reconstruction,,synthetic,1,synthetic|s1,"РЕФЕРЕНС. Бенчмарк FT-AED (Coursey et al., 2024): unsupervised графовые автоэнкодеры — лучшее семейство на этих данных, а игнорирование пространственных связей ухудшает качество. Все остальные кандидаты сравниваются с этой точкой.",55234,88.0,True,6,3.093471500033047,0.023668797776818823,0.03452139669521288,True,0.09057014808058747,validation,1.0,0.01850257146274369,3,1.0,9,9,3.0,6.222222222222222,9.400000000000006,0.0,0.809593934850144,32.25156358582349,0.4298110984753568,0.03161917998610146,0.8195825770529753,0.9859985261606485,0.45754798547466713,0.09896447509527206,0.44603613869444897,2.2105799073740378,13.593366389143702
cand_hypergraph_flow,Гиперграф+Bi-GLU + Плотность (flow),candidate,Кандидат,hypergraph,flow,Гиперграф+Bi-GLU,Плотность (flow),density,,synthetic,1,synthetic|s1,"DHMPN-подобная связка: направленный гиперграф + нормализующий поток. Явная плотность вместо эвристики, дешевле трансформеров, заявлено превосходство над SOTA-графами. Единственный кандидат с калиброванным вероятностным score — нужен для safety-валидатора в контуре устранения.",59200,64.0,True,6,7.071672799997032,0.06882883947717364,-192.94561143354937,True,-192.93480682373044,validation,1.0,0.011840688912809472,3,0.8888888888888888,9,8,3.0,3.0,4.0,0.0,0.7742358913985006,20.639332870048644,0.32272845408971396,0.03161917998610146,0.7090619998747016,0.9803993405385601,0.40228245363766046,-192.9184112548828,0.3333895162649587,2.9407023697751655,10.20673066890326
