label,group,mean,std,n
Isolation Forest,baseline,0.30924078355700557,0.15064166972864532,4
Standard Normal Deviate (AID),baseline,0.209933850670141,0.14996924232426267,4
GCN+GRU (фикс. граф) + Критик BiGAN,candidate,0.20404559894838675,0.09277757671333771,4
PCA (линейная граница),control,0.16324160597420917,0.10156899389880497,4
Гиперграф+Bi-GLU + Плотность (flow),candidate,0.15084409352572103,0.23781709534589363,4
GCN+GRU (фикс. граф) + Реконструкция,candidate,0.1384996775298136,0.10512381788844898,4
GAT+LSTM (обуч. внимание) + Реконструкция,candidate,0.1360007690371857,0.14438100249188085,4
Transformer (без графа) + Контрастив,non_graph,0.12543918029555828,0.10618552069016854,4
Случайный score (контроль),control,0.11269047528889216,0.08303615471104826,4
GCN+GRU (фикс. граф) + Реконструкция [необучен],control,0.10308441558441558,0.10545285942183182,4
California алгоритм (AID),baseline,0.08311731110582647,0.16623462221165294,4
GCN+GRU (фикс. граф) + Невязка LWR,candidate,0.050704992152032835,0.0706210277100844,4
