config,dataset,hidden,n_params,target,within_tolerance,deviation
ctrl_untrained,fold0,144,144516,150000,True,0.03656
deep_transformer_contrastive,fold0,96,159840,150000,True,0.0656
cand_gcngru_recon,fold0,144,144516,150000,True,0.03656
cand_gatlstm_recon,fold0,160,152728,150000,True,0.018186666666666667
cand_gcngru_bigan,fold0,120,150391,150000,True,0.002606666666666667
cand_hypergraph_flow,fold0,104,154440,150000,True,0.0296
cand_gcngru_physics,fold0,152,153068,150000,True,0.020453333333333334
ctrl_untrained,fold1,144,144516,150000,True,0.03656
deep_transformer_contrastive,fold1,96,159840,150000,True,0.0656
cand_gcngru_recon,fold1,144,144516,150000,True,0.03656
cand_gatlstm_recon,fold1,160,152728,150000,True,0.018186666666666667
cand_gcngru_bigan,fold1,120,150391,150000,True,0.002606666666666667
cand_hypergraph_flow,fold1,104,154440,150000,True,0.0296
cand_gcngru_physics,fold1,152,153068,150000,True,0.020453333333333334
ctrl_untrained,fold2,144,144516,150000,True,0.03656
deep_transformer_contrastive,fold2,96,159840,150000,True,0.0656
cand_gcngru_recon,fold2,144,144516,150000,True,0.03656
cand_gatlstm_recon,fold2,160,152728,150000,True,0.018186666666666667
cand_gcngru_bigan,fold2,120,150391,150000,True,0.002606666666666667
cand_hypergraph_flow,fold2,104,154440,150000,True,0.0296
cand_gcngru_physics,fold2,152,153068,150000,True,0.020453333333333334
ctrl_untrained,fold3,144,144516,150000,True,0.03656
deep_transformer_contrastive,fold3,96,159840,150000,True,0.0656
cand_gcngru_recon,fold3,144,144516,150000,True,0.03656
cand_gatlstm_recon,fold3,160,152728,150000,True,0.018186666666666667
cand_gcngru_bigan,fold3,120,150391,150000,True,0.002606666666666667
cand_hypergraph_flow,fold3,104,154440,150000,True,0.0296
cand_gcngru_physics,fold3,152,153068,150000,True,0.020453333333333334
