config,label,group,group_label,encoder,head,encoder_label,head_label,mechanism,baseline,dataset,seed,block,rationale,n_params,hidden,budget_within_tolerance,epochs_run,train_seconds,inference_ms_per_window,best_val_loss,uses_graph,threshold,threshold_source,alarm_budget_per_hour,fpr_observed,persistence,event_recall,n_events,n_detected,median_delay_min,mean_delay_min,p90_delay_min,earlier_than_report_share,padf,alarms_per_hour,average_precision,prevalence,roc_auc_reference_only,pa_f1_INVALID_for_ranking,f1_oracle_threshold_upper_bound,oracle_threshold,f1_at_fpr_threshold,pa_inflation_ratio,ap_lift_over_random,physics_correction_share
ctrl_random,Случайный score (контроль),control,Протокольный контроль,,,,,none,random,fold0,0,fold0|s0,"Случайный score. Kim et al. (2021): при point-adjustment он выходит на уровень SOTA. Если здесь он попадает в верхнюю половину по основной метрике — метрика выбрана неверно и остальная таблица недействительна. Ожидается AP≈prevalence, padf≈0.",0,,True,0,5.999900167807937e-07,0.002564677026923152,,False,3.1312254667282122,validation,0.25,0.001037344398340249,3,0.25,8,2,2.0,2.0,10.0,0.5,0.19679364718731468,0.04905968928863451,0.2152834111328389,0.21177432542927227,0.49216184174690397,0.8358714043993232,0.28870779976717115,2.7067973613739014,0.17256637168141592,4.843767625493514,1.0165699297894284,
ctrl_untrained,GCN+GRU (фикс. граф) + Реконструкция [необучен],control,Протокольный контроль,gcn_gru,recon,GCN+GRU (фикс. граф),Реконструкция,reconstruction,,fold0,0,fold0|s0,Та же архитектура со случайными весами. У Kim et al. необученная модель оказалась сравнима с опубликованными методами даже без PA. Разность «обученная − эта» — измеренный вклад обучения.,144516,144.0,True,0,3.9998849388211966e-07,0.28538053966622695,,True,14.761144161224372,validation,0.25,0.023858921161825725,3,0.25,8,2,-8.5,-8.5,-3.3,1.0,0.25,1.1283728536385937,0.5030305415168752,0.21177432542927227,0.772877649433666,0.7287581699346405,0.6131147540983607,7.780576705932617,0.2719033232628399,2.680210602759622,2.375314101448411,
base_pca,PCA (линейная граница),control,Протокольный контроль,,,,,none,pca,fold0,0,fold0|s0,Линейная нижняя граница. Sehili et al. (2023): PCA превосходит многие DL-подходы; Alves et al. (2026) подтвердили на SMD без point-adjustment. Если ST-GNN не отрывается от PCA значимо — это и есть результат.,1204224,,True,0,0.6907309999951394,0.094110793136144,,False,4.5738465785980225,validation,0.25,0.007261410788381743,3,0.25,8,2,-8.5,-8.5,-3.3,1.0,0.25,0.34341782502044155,0.48052650644175443,0.21177432542927227,0.7714878482513335,0.6990595611285266,0.5493333333333333,1.043830394744873,0.21926910299003322,3.1881352712073716,2.269049874047358,
base_california,California алгоритм (AID),baseline,Бейзлайн,,,,,none,california,fold0,0,fold0|s0,"Канонический AID-алгоритм по пространственным разностям занятости. Обязателен для транспортного журнала: без него работа читается как ML-статья про трафик, а не как вклад в автоматическое обнаружение инцидентов.",3,,True,0,0.015930599998682737,0.008210057236797932,,True,-0.16460906714200896,validation,0.25,0.014522821576763486,3,0.375,8,3,-2.0,-1.0,6.800000000000001,0.6666666666666666,0.3324692444233059,0.6868356500408831,0.2798056867760023,0.21177432542927227,0.660542062513017,0.8352059925093633,0.42298850574712643,-0.38343390822410583,0.2894736842105263,2.885257065032346,1.321244613617957,
base_snd,Standard Normal Deviate (AID),baseline,Бейзлайн,,,,,none,snd,fold0,0,fold0|s0,"Standard Normal Deviate — классический статистический контроль на детекторе. Вторая доменная точка отсчёта, не использующая пространственную структуру вообще.",3,,True,0,0.04307860000699293,0.03471986917470059,,False,2.6486703157424962,validation,0.25,0.005186721991701245,3,0.375,8,3,11.0,3.3333333333333335,13.4,0.3333333333333333,0.2656449474314214,0.24529844644317253,0.2642202196710921,0.21177432542927227,0.5608708886717186,0.9040139616055847,0.3333333333333333,1.3730273246765137,0.19263456090651557,4.692896006570168,1.2476499175974736,
base_iforest,Isolation Forest,baseline,Бейзлайн,,,,,none,iforest,fold0,0,fold0|s0,"Adaptive Isolation Forest даёт 71–100% detection rate на реальных городских событиях (J. Intelligent Transportation Systems, 2025). Включён как сильный неглубокий конкурент, а не для контраста.",150,,True,0,0.6213311000028625,1.6877744889668496,,False,0.6834249794483187,validation,0.25,0.046680497925311204,3,0.5,8,4,-3.0,-4.75,0.7000000000000002,0.5,0.49435520048880205,2.2076860179885527,0.3972962797068751,0.21177432542927227,0.7225684487095275,0.7252032520325203,0.4720496894409938,0.6497947573661804,0.3724137931034483,1.9473050286058415,1.8760361007008042,
deep_transformer_contrastive,Transformer (без графа) + Контрастив,non_graph,Без графа,transformer,contrastive,Transformer (без графа),Контрастив,representation-discrepancy,,fold0,0,fold0|s0,"TransDe-подобная связка: мультимасштабный контрастив поверх внимания, без графа. Лидирует на четырёх MTSAD-бенчмарках из пяти. Если обходит графовые модели — физический prior коридора не нужен.",159840,96.0,True,40,54.5017891000025,0.15710008176009743,0.00010193232301389799,False,0.002098988159559669,validation,0.25,0.20435684647302904,3,0.25,8,2,-1.5,-1.5,-1.1,1.0,0.25,9.664758789860997,0.25567819995471475,0.21177432542927227,0.5599416844230123,0.5732647814910026,0.3632183908045977,0.0010986791457980871,0.1640625,3.4941853348023013,1.2073144345351976,
cand_gcngru_recon,GCN+GRU (фикс. граф) + Реконструкция,candidate,Кандидат,gcn_gru,recon,GCN+GRU (фикс. граф),Реконструкция,reconstruction,,fold0,0,fold0|s0,"РЕФЕРЕНС. Бенчмарк FT-AED (Coursey et al., 2024): unsupervised графовые автоэнкодеры — лучшее семейство на этих данных, а игнорирование пространственных связей ухудшает качество. Все остальные кандидаты сравниваются с этой точкой.",144516,144.0,True,40,29.229893700001412,0.16870662305947282,0.11063964664936066,True,1.8895902037620558,validation,0.25,0.00933609958506224,3,0.125,8,1,-2.0,-2.0,-2.0,1.0,0.125,0.44153720359771054,0.47552586650819956,0.21177432542927227,0.7864792771431774,0.7396351575456053,0.5398230088495575,0.9072189927101135,0.1390728476821192,5.318328989970781,2.2454368136661316,
cand_gatlstm_recon,GAT+LSTM (обуч. внимание) + Реконструкция,candidate,Кандидат,gat_lstm,recon,GAT+LSTM (обуч. внимание),Реконструкция,reconstruction,,fold0,0,fold0|s0,"Обучаемое внимание вместо фиксированного графа при той же голове. В работе «Toward explainable automatic incident detection» (2025) GAT+LSTM — лучшая пара пространственного и временного модуля. Проверяет, размывает ли фиксированное сглаживание сам сигнал аномалии.",152728,160.0,True,40,66.27685689998907,0.5396309893806552,0.1405927285552025,True,3.328066706657411,validation,0.25,0.0,3,0.0,8,0,,,,0.0,0.0,0.0,0.43983261651978905,0.21177432542927227,0.7377080696582772,0.735973597359736,0.46260869565217394,1.590619683265686,0.007692307692307693,95.67656765676567,2.076893011597305,
cand_gcngru_bigan,GCN+GRU (фикс. граф) + Критик BiGAN,candidate,Кандидат,gcn_gru,bigan,GCN+GRU (фикс. граф),Критик BiGAN,discriminator,,fold0,0,fold0|s0,"Тот же энкодер, механизм score — критик. CCB-GraphGAN (Nouri et al., 2026) на FT-AED: −5 мин к задержке при FPR 1%. Одновременно проверяет открытый пробел: при D*=1/2 выход критика не несёт информации об аномалии (см. абляцию cycle vs critic).",150391,120.0,True,17,12.353682900007698,0.08690008176460204,1.2215620398521423,True,0.2607196122407914,validation,0.25,0.0,3,0.125,8,1,8.0,8.0,8.0,0.0,0.086369554997986,0.0,0.23159948272882733,0.21177432542927227,0.49777111136032304,0.6806833114323259,0.2689655172413793,0.2585550546646118,0.030418250950570342,22.377463863337713,1.0936145458585167,
cand_hypergraph_flow,Гиперграф+Bi-GLU + Плотность (flow),candidate,Кандидат,hypergraph,flow,Гиперграф+Bi-GLU,Плотность (flow),density,,fold0,0,fold0|s0,"DHMPN-подобная связка: направленный гиперграф + нормализующий поток. Явная плотность вместо эвристики, дешевле трансформеров, заявлено превосходство над SOTA-графами. Единственный кандидат с калиброванным вероятностным score — нужен для safety-валидатора в контуре устранения.",154440,104.0,True,40,20.61230069999874,0.08441676206841839,-313.05340576171875,True,-312.75785827636713,validation,0.25,0.061203319502074686,3,0.5,8,4,-5.5,-7.0,-2.0,1.0,0.5,2.894521668029436,0.44771316294857405,0.21177432542927227,0.7375258334801903,0.7470686767169179,0.5,-312.9077453613281,0.43119266055045874,1.7325635268541286,2.114105012687668,
cand_gcngru_physics,GCN+GRU (фикс. граф) + Невязка LWR,candidate,Кандидат,gcn_gru,physics,GCN+GRU (фикс. граф),Невязка LWR,physical-residual,,fold0,0,fold0|s0,"Невязка закона сохранения LWR как score. НЕЗАНЯТАЯ НИША: physics-informed подход применён к обнаружению заторов и к генерации, но не как голова детектора. Единственный механизм, чей score не зависит от обученного генератора, то есть структурно невосприимчив к циркулярности оценки.",153068,152.0,True,40,32.540762599994196,0.19863352413167026,0.05810357853770256,True,1.0898551344871525,validation,0.25,0.00933609958506224,3,0.0,8,0,,,,0.0,0.0,0.44153720359771054,0.16039862359278445,0.21177432542927227,0.3801526778705202,0.5133795837462835,0.19080459770114944,0.4348910450935364,0.0,inf,0.7574035392045382,0.49470453272114756
ctrl_random,Случайный score (контроль),control,Протокольный контроль,,,,,none,random,fold1,0,fold1|s0,"Случайный score. Kim et al. (2021): при point-adjustment он выходит на уровень SOTA. Если здесь он попадает в верхнюю половину по основной метрике — метрика выбрана неверно и остальная таблица недействительна. Ожидается AP≈prevalence, padf≈0.",0,,True,0,1.0999938240274787e-06,0.0021660931914957993,,False,3.1409658193588257,validation,0.25,0.0027726432532347504,3,0.1111111111111111,9,1,-2.0,-2.0,-2.0,1.0,0.1111111111111111,0.12903225806451613,0.22777686264633926,0.22437275985663083,0.5008208677576137,0.8892045454545454,0.30495049504950494,2.6953251361846924,0.19172932330827067,4.637811942959002,1.0151716402288922,
ctrl_untrained,GCN+GRU (фикс. граф) + Реконструкция [необучен],control,Протокольный контроль,gcn_gru,recon,GCN+GRU (фикс. граф),Реконструкция,reconstruction,,fold1,0,fold1|s0,Та же архитектура со случайными весами. У Kim et al. необученная модель оказалась сравнима с опубликованными методами даже без PA. Разность «обученная − эта» — измеренный вклад обучения.,144516,144.0,True,0,2.00001522898674e-07,0.19349620071879012,,True,19.09061908721925,validation,0.25,0.02033271719038817,3,0.0,9,0,,,,0.0,0.0,0.946236559139785,0.2224571516037427,0.22437275985663083,0.5343376660190277,0.5206611570247934,0.3782178217821782,6.646337032318115,0.0,inf,0.9914623849431983,
base_pca,PCA (линейная граница),control,Протокольный контроль,,,,,none,pca,fold1,0,fold1|s0,Линейная нижняя граница. Sehili et al. (2023): PCA превосходит многие DL-подходы; Alves et al. (2026) подтвердили на SMD без point-adjustment. Если ST-GNN не отрывается от PCA значимо — это и есть результат.,1204224,,True,0,0.8901550000009593,0.09923275984910494,,False,4.357173681259155,validation,0.25,0.029574861367837338,3,0.1111111111111111,9,1,13.0,13.0,13.0,0.0,0.06093472109414588,1.3763440860215055,0.23986361678215762,0.22437275985663083,0.5807993716523064,0.49122807017543857,0.38415841584158417,1.1085690259933472,0.055710306406685235,8.817543859649122,1.0690407201632903,
base_california,California алгоритм (AID),baseline,Бейзлайн,,,,,none,california,fold1,0,fold1|s0,"Канонический AID-алгоритм по пространственным разностям занятости. Обязателен для транспортного журнала: без него работа читается как ML-статья про трафик, а не как вклад в автоматическое обнаружение инцидентов.",3,,True,0,0.02298420001170598,0.010043082437077437,,True,1.247842133045212,validation,0.25,0.0027726432532347504,3,0.0,9,0,,,,0.0,0.0,0.12903225806451613,0.2598504240584637,0.22437275985663083,0.6009874035185108,0.8330827067669173,0.3801980198019802,-0.3506225645542145,0.0,inf,1.1581193021136003,
base_snd,Standard Normal Deviate (AID),baseline,Бейзлайн,,,,,none,snd,fold1,0,fold1|s0,"Standard Normal Deviate — классический статистический контроль на детекторе. Вторая доменная точка отсчёта, не использующая пространственную структуру вообще.",3,,True,0,0.0726345000002766,0.038235412187053154,,False,2.735160470008875,validation,0.25,0.009242144177449169,3,0.2222222222222222,9,2,-7.5,-7.5,-5.5,1.0,0.2222222222222222,0.43010752688172044,0.2927093773454512,0.22437275985663083,0.5774494634831959,0.8102893890675241,0.36435643564356435,1.417343258857727,0.21052631578947367,3.84887459807074,1.304567352705765,
base_iforest,Isolation Forest,baseline,Бейзлайн,,,,,none,iforest,fold1,0,fold1|s0,"Adaptive Isolation Forest даёт 71–100% detection rate на реальных городских событиях (J. Intelligent Transportation Systems, 2025). Включён как сильный неглубокий конкурент, а не для контраста.",150,,True,0,0.7793538000114495,1.5230000000088193,,False,0.7185776531696322,validation,0.25,0.025878003696857672,3,0.2222222222222222,9,2,4.0,4.0,9.6,0.5,0.17794583533789537,1.2043010752688172,0.3325592358323762,0.22437275985663083,0.6132443174100737,0.6818181818181818,0.4079207920792079,0.6403601765632629,0.21103117505995203,3.230888429752066,1.4821729520324753,
deep_transformer_contrastive,Transformer (без графа) + Контрастив,non_graph,Без графа,transformer,contrastive,Transformer (без графа),Контрастив,representation-discrepancy,,fold1,0,fold1|s0,"TransDe-подобная связка: мультимасштабный контрастив поверх внимания, без графа. Лидирует на четырёх MTSAD-бенчмарках из пяти. Если обходит графовые модели — физический prior коридора не нужен.",159840,96.0,True,40,77.88927780000085,0.1587678853061057,6.388805871081007e-05,False,0.0031076379818841815,validation,0.25,0.09242144177449169,3,0.2222222222222222,9,2,1.0,1.0,13.8,0.5,0.16176236047545647,4.301075268817204,0.22732171350963984,0.22437275985663083,0.5384095244281977,0.46971109040074555,0.32475247524752476,0.0008533003274351358,0.17768595041322313,2.643490322720475,1.0131431001467974,
cand_gcngru_recon,GCN+GRU (фикс. граф) + Реконструкция,candidate,Кандидат,gcn_gru,recon,GCN+GRU (фикс. граф),Реконструкция,reconstruction,,fold1,0,fold1|s0,"РЕФЕРЕНС. Бенчмарк FT-AED (Coursey et al., 2024): unsupervised графовые автоэнкодеры — лучшее семейство на этих данных, а игнорирование пространственных связей ухудшает качество. Все остальные кандидаты сравниваются с этой точкой.",144516,144.0,True,40,40.75356319999264,0.180004014342349,0.08920590153762273,True,1.9359263777732854,validation,0.25,0.06469500924214418,3,0.3333333333333333,9,3,10.0,2.0,10.8,0.3333333333333333,0.24794144922094385,3.010752688172043,0.3008319619097385,0.22437275985663083,0.6344599103541543,0.536741214057508,0.43,0.8242469429969788,0.18421052631578946,2.913738019169329,1.3407686481280676,
cand_gatlstm_recon,GAT+LSTM (обуч. внимание) + Реконструкция,candidate,Кандидат,gat_lstm,recon,GAT+LSTM (обуч. внимание),Реконструкция,reconstruction,,fold1,0,fold1|s0,"Обучаемое внимание вместо фиксированного графа при той же голове. В работе «Toward explainable automatic incident detection» (2025) GAT+LSTM — лучшая пара пространственного и временного модуля. Проверяет, размывает ли фиксированное сглаживание сам сигнал аномалии.",152728,160.0,True,40,81.83096779999323,0.5720019354806265,0.12005699532372612,True,2.199662089347841,validation,0.25,0.12384473197781885,3,0.4444444444444444,9,4,0.5,0.75,15.200000000000001,0.5,0.3397081958133519,5.763440860215054,0.2624407108925596,0.22437275985663083,0.5818564603473629,0.5633802816901409,0.36237623762376237,1.2129921913146973,0.2116788321167883,2.661486158329286,1.1696638712304175,
cand_gcngru_bigan,GCN+GRU (фикс. граф) + Критик BiGAN,candidate,Кандидат,gcn_gru,bigan,GCN+GRU (фикс. граф),Критик BiGAN,discriminator,,fold1,0,fold1|s0,"Тот же энкодер, механизм score — критик. CCB-GraphGAN (Nouri et al., 2026) на FT-AED: −5 мин к задержке при FPR 1%. Одновременно проверяет открытый пробел: при D*=1/2 выход критика не несёт информации об аномалии (см. абляцию cycle vs critic).",150391,120.0,True,10,12.126165699999547,0.09865856630974666,1.3831482785088676,True,0.3035915940999985,validation,0.25,0.015711645101663587,3,0.3333333333333333,9,3,4.0,2.0,9.6,0.3333333333333333,0.2703056015759829,0.7311827956989247,0.31642100400675033,0.22437275985663083,0.6683221817365783,0.7513043478260869,0.448,0.2736751437187195,0.0881542699724518,8.522608695652172,1.4102469667393505,
cand_hypergraph_flow,Гиперграф+Bi-GLU + Плотность (flow),candidate,Кандидат,hypergraph,flow,Гиперграф+Bi-GLU,Плотность (flow),density,,fold1,0,fold1|s0,"DHMPN-подобная связка: направленный гиперграф + нормализующий поток. Явная плотность вместо эвристики, дешевле трансформеров, заявлено превосходство над SOTA-графами. Единственный кандидат с калиброванным вероятностным score — нужен для safety-валидатора в контуре устранения.",154440,104.0,True,40,40.54966489999788,0.10467741935093317,-315.8457510811942,True,-315.69828796386713,validation,0.25,0.0711645101663586,3,0.0,9,0,,,,0.0,0.0,3.3118279569892475,0.23118384658881902,0.22437275985663083,0.553669396987002,0.5550660792951542,0.3455621301775148,-315.7737731933594,0.028368794326241134,19.566079295154186,1.0303561213782828,
cand_gcngru_physics,GCN+GRU (фикс. граф) + Невязка LWR,candidate,Кандидат,gcn_gru,physics,GCN+GRU (фикс. граф),Невязка LWR,physical-residual,,fold1,0,fold1|s0,"Невязка закона сохранения LWR как score. НЕЗАНЯТАЯ НИША: physics-informed подход применён к обнаружению заторов и к генерации, но не как голова детектора. Единственный механизм, чей score не зависит от обученного генератора, то есть структурно невосприимчив к циркулярности оценки.",153068,152.0,True,40,45.90154829999665,0.20140365590625126,0.030570826892341887,True,0.5683958232402802,validation,0.25,0.019408502772643253,3,0.1111111111111111,9,1,16.0,16.0,16.0,0.0,0.05304675577280092,0.9032258064516129,0.25056162043120245,0.22437275985663083,0.5471496991135809,0.7365728900255755,0.3326732673267327,0.17557954788208008,0.040229885057471264,18.309097552064305,1.1167203210911418,0.5000257939788104
ctrl_random,Случайный score (контроль),control,Протокольный контроль,,,,,none,random,fold2,0,fold2|s0,"Случайный score. Kim et al. (2021): при point-adjustment он выходит на уровень SOTA. Если здесь он попадает в верхнюю половину по основной метрике — метрика выбрана неверно и остальная таблица недействительна. Ожидается AP≈prevalence, padf≈0.",0,,True,0,1.4999968698248267e-06,0.0044324615401609875,,False,3.140965819358827,validation,0.25,0.0041797283176593526,3,0.0,11,0,,,,0.0,0.0,0.1846153846153846,0.25125766464332183,0.26384615384615384,0.4921599629551776,0.8897535667963683,0.338368580060423,2.6942152976989746,0.19413919413919414,4.583070259158652,0.9522885248872256,
ctrl_untrained,GCN+GRU (фикс. граф) + Реконструкция [необучен],control,Протокольный контроль,gcn_gru,recon,GCN+GRU (фикс. граф),Реконструкция,reconstruction,,fold2,0,fold2|s0,Та же архитектура со случайными весами. У Kim et al. необученная модель оказалась сравнима с опубликованными методами даже без PA. Разность «обученная − эта» — измеренный вклад обучения.,144516,144.0,True,0,4.00003045797348e-07,0.19470253846240945,,True,20.910763740539565,validation,0.25,0.0010449320794148381,3,0.09090909090909091,11,1,-11.0,-11.0,-11.0,1.0,0.09090909090909091,0.04615384615384615,0.4195127301648953,0.26384615384615384,0.7011890291271009,0.5876152832674572,0.5083240843507214,6.169374942779541,0.02824858757062147,20.801581027667982,1.589989939400478,
base_pca,PCA (линейная граница),control,Протокольный контроль,,,,,none,pca,fold2,0,fold2|s0,Линейная нижняя граница. Sehili et al. (2023): PCA превосходит многие DL-подходы; Alves et al. (2026) подтвердили на SMD без point-adjustment. Если ST-GNN не отрывается от PCA значимо — это и есть результат.,1204224,,True,0,4.845258900008048,0.17153015384862486,,False,6.883805513381965,validation,0.25,0.006269592476489028,3,0.09090909090909091,11,1,-15.0,-15.0,-15.0,1.0,0.09090909090909091,0.2769230769230769,0.4750059714943987,0.26384615384615384,0.6964091503148505,0.6237762237762238,0.5172413793103449,1.1864765882492065,0.11733333333333333,5.316274634456453,1.8003141776755638,
base_california,California алгоритм (AID),baseline,Бейзлайн,,,,,none,california,fold2,0,fold2|s0,"Канонический AID-алгоритм по пространственным разностям занятости. Обязателен для транспортного журнала: без него работа читается как ML-статья про трафик, а не как вклад в автоматическое обнаружение инцидентов.",3,,True,0,0.03978729998925701,0.01454292308503332,,True,1.2573580145835965,validation,0.25,0.003134796238244514,3,0.0,11,0,,,,0.0,0.0,0.13846153846153844,0.31745493540834263,0.26384615384615384,0.6215274287054724,0.8195937873357229,0.4471299093655589,-0.3730645179748535,0.0,inf,1.2031819709354095,
base_snd,Standard Normal Deviate (AID),baseline,Бейзлайн,,,,,none,snd,fold2,0,fold2|s0,"Standard Normal Deviate — классический статистический контроль на детекторе. Вторая доменная точка отсчёта, не использующая пространственную структуру вообще.",3,,True,0,0.14533319999463856,0.0647641538503544,,False,2.147168517112809,validation,0.25,0.029258098223615466,3,0.36363636363636365,11,4,-8.0,-6.5,0.6000000000000014,0.75,0.3518682330269204,1.2923076923076922,0.32409136195722027,0.26384615384615384,0.5928984222439535,0.777292576419214,0.4149043303121853,1.4325106143951416,0.3163265306122449,2.4572474996478375,1.2283346080011264,
base_iforest,Isolation Forest,baseline,Бейзлайн,,,,,none,iforest,fold2,0,fold2|s0,"Adaptive Isolation Forest даёт 71–100% detection rate на реальных городских событиях (J. Intelligent Transportation Systems, 2025). Включён как сильный неглубокий конкурент, а не для контраста.",150,,True,0,1.438327299998491,2.203040153847094,,False,0.7117991745471957,validation,0.25,0.022988505747126436,3,0.45454545454545453,11,5,1.0,1.0,13.600000000000001,0.4,0.3692929937102783,1.0153846153846153,0.41448481045109675,0.26384615384615384,0.6504504175158644,0.7470686767169179,0.4686536485097636,0.621900200843811,0.3101391650099404,2.4088175922346773,1.5709336839254395,
deep_transformer_contrastive,Transformer (без графа) + Контрастив,non_graph,Без графа,transformer,contrastive,Transformer (без графа),Контрастив,representation-discrepancy,,fold2,0,fold2|s0,"TransDe-подобная связка: мультимасштабный контрастив поверх внимания, без графа. Лидирует на четырёх MTSAD-бенчмарках из пяти. Если обходит графовые модели — физический prior коридора не нужен.",159840,96.0,True,40,101.53062119999959,0.17773938460427766,5.880936114408541e-05,False,0.003825184539891781,validation,0.25,0.0,3,0.0,11,0,,,,0.0,0.0,0.0,0.37632464694280043,0.26384615384615384,0.6534481235396085,0.6726998491704375,0.48132780082987553,0.0003872577508445829,0.0,inf,1.4263033266053662,
cand_gcngru_recon,GCN+GRU (фикс. граф) + Реконструкция,candidate,Кандидат,gcn_gru,recon,GCN+GRU (фикс. граф),Реконструкция,reconstruction,,fold2,0,fold2|s0,"РЕФЕРЕНС. Бенчмарк FT-AED (Coursey et al., 2024): unsupervised графовые автоэнкодеры — лучшее семейство на этих данных, а игнорирование пространственных связей ухудшает качество. Все остальные кандидаты сравниваются с этой точкой.",144516,144.0,True,40,54.58880539999518,0.19221384615565723,0.13079710081219673,True,2.5393503904342656,validation,0.25,0.0,3,0.0,11,0,,,,0.0,0.0,0.0,0.4037099164809437,0.26384615384615384,0.6802081334101038,0.6255259467040674,0.48662420382165605,0.9952646493911743,0.01729106628242075,36.17625058438522,1.5300958933680082,
cand_gatlstm_recon,GAT+LSTM (обуч. внимание) + Реконструкция,candidate,Кандидат,gat_lstm,recon,GAT+LSTM (обуч. внимание),Реконструкция,reconstruction,,fold2,0,fold2|s0,"Обучаемое внимание вместо фиксированного графа при той же голове. В работе «Toward explainable automatic incident detection» (2025) GAT+LSTM — лучшая пара пространственного и временного модуля. Проверяет, размывает ли фиксированное сглаживание сам сигнал аномалии.",152728,160.0,True,40,105.35513999999966,0.5523168461513706,0.17912769094109535,True,3.1961687803268446,validation,0.25,0.0020898641588296763,3,0.09090909090909091,11,1,-13.0,-13.0,-13.0,1.0,0.09090909090909091,0.0923076923076923,0.3713080087487095,0.26384615384615384,0.6728905624049889,0.6255259467040674,0.4835443037974684,1.3124244213104248,0.03380281690140845,18.505142589995327,1.4072898290767415,
cand_gcngru_bigan,GCN+GRU (фикс. граф) + Критик BiGAN,candidate,Кандидат,gcn_gru,bigan,GCN+GRU (фикс. граф),Критик BiGAN,discriminator,,fold2,0,fold2|s0,"Тот же энкодер, механизм score — критик. CCB-GraphGAN (Nouri et al., 2026) на FT-AED: −5 мин к задержке при FPR 1%. Одновременно проверяет открытый пробел: при D*=1/2 выход критика не несёт информации об аномалии (см. абляцию cycle vs critic).",150391,120.0,True,21,31.406460700003663,0.09751246154057579,0.7184432148933411,True,0.2945729643106461,validation,0.25,0.0010449320794148381,3,0.18181818181818182,11,2,-6.5,-6.5,0.30000000000000027,0.5,0.17379295350529242,0.04615384615384615,0.40317250271436966,0.26384615384615384,0.6170674270603898,0.6914728682170542,0.484394506866417,0.29294875264167786,0.1256544502617801,5.50297157622739,1.5280590481885732,
cand_hypergraph_flow,Гиперграф+Bi-GLU + Плотность (flow),candidate,Кандидат,hypergraph,flow,Гиперграф+Bi-GLU,Плотность (flow),density,,fold2,0,fold2|s0,"DHMPN-подобная связка: направленный гиперграф + нормализующий поток. Явная плотность вместо эвристики, дешевле трансформеров, заявлено превосходство над SOTA-графами. Единственный кандидат с калиброванным вероятностным score — нужен для safety-валидатора в контуре устранения.",154440,104.0,True,40,50.99813520000316,0.09445353846576136,-315.81593627929686,True,-315.60221862792963,validation,0.25,0.0,3,0.0,11,0,,,,0.0,0.0,0.0,0.40553052538114365,0.26384615384615384,0.6936018473668016,0.7330173775671406,0.525027808676307,-315.79522705078125,0.0,inf,1.5369961603366962,
cand_gcngru_physics,GCN+GRU (фикс. граф) + Невязка LWR,candidate,Кандидат,gcn_gru,physics,GCN+GRU (фикс. граф),Невязка LWR,physical-residual,,fold2,0,fold2|s0,"Невязка закона сохранения LWR как score. НЕЗАНЯТАЯ НИША: physics-informed подход применён к обнаружению заторов и к генерации, но не как голова детектора. Единственный механизм, чей score не зависит от обученного генератора, то есть структурно невосприимчив к циркулярности оценки.",153068,152.0,True,40,59.131080200008,0.19591076923041748,0.016316724568605424,True,0.355453357100487,validation,0.25,0.0,3,0.0,11,0,,,,0.0,0.0,0.0,0.3344347986937737,0.26384615384615384,0.6060910705527174,0.7038043478260869,0.4310171198388721,0.06501719355583191,0.0,inf,1.2675371379064309,0.496885473833493
ctrl_random,Случайный score (контроль),control,Протокольный контроль,,,,,none,random,fold3,0,fold3|s0,"Случайный score. Kim et al. (2021): при point-adjustment он выходит на уровень SOTA. Если здесь он попадает в верхнюю половину по основной метрике — метрика выбрана неверно и остальная таблица недействительна. Ожидается AP≈prevalence, padf≈0.",0,,True,0,5.999900167807937e-07,0.002140430111845281,,False,3.131225466728211,validation,0.25,0.002533783783783784,3,0.14285714285714285,7,1,-4.0,-4.0,-4.0,1.0,0.14285714285714285,0.12903225806451613,0.1405825027781513,0.15125448028673835,0.46638033175355453,0.8172484599589322,0.2092511013215859,2.6953251361846924,0.14220183486238533,5.747102073259588,0.9294435610214268,
ctrl_untrained,GCN+GRU (фикс. граф) + Реконструкция [необучен],control,Протокольный контроль,gcn_gru,recon,GCN+GRU (фикс. граф),Реконструкция,reconstruction,,fold3,0,fold3|s0,Та же архитектура со случайными весами. У Kim et al. необученная модель оказалась сравнима с опубликованными методами даже без PA. Разность «обученная − эта» — измеренный вклад обучения.,144516,144.0,True,0,3.9998849388211966e-07,0.19477942652205893,,True,18.943900108337402,validation,0.25,0.02956081081081081,3,0.14285714285714285,7,1,15.0,15.0,15.0,0.0,0.07142857142857142,1.5053763440860215,0.29912374907519734,0.15125448028673835,0.7487311066991162,0.56,0.4152542372881356,10.953189849853516,0.0622568093385214,8.995000000000001,1.9776190993360203,
base_pca,PCA (линейная граница),control,Протокольный контроль,,,,,none,pca,fold3,0,fold3|s0,Линейная нижняя граница. Sehili et al. (2023): PCA превосходит многие DL-подходы; Alves et al. (2026) подтвердили на SMD без point-adjustment. Если ST-GNN не отрывается от PCA значимо — это и есть результат.,1204224,,True,0,1.1369247999973595,0.09583921147106503,,False,6.918563604354864,validation,0.25,0.04814189189189189,3,0.2857142857142857,7,2,-4.5,-4.5,3.9000000000000004,0.5,0.25112261189359986,2.4516129032258065,0.31400693043340167,0.15125448028673835,0.7912730562315871,0.7042889390519187,0.4789915966386555,0.9330224990844727,0.13240418118466898,5.31923488178686,2.076017383671068,
base_california,California алгоритм (AID),baseline,Бейзлайн,,,,,none,california,fold3,0,fold3|s0,"Канонический AID-алгоритм по пространственным разностям занятости. Обязателен для транспортного журнала: без него работа читается как ML-статья про трафик, а не как вклад в автоматическое обнаружение инцидентов.",3,,True,0,0.0380074999993667,0.009192688174472328,,True,0.5206284224987157,validation,0.25,0.0033783783783783786,3,0.0,7,0,,,,0.0,0.0,0.17204301075268819,0.22022767468161186,0.15125448028673835,0.638899785448956,0.821917808219178,0.312,-0.2773476839065552,0.05333333333333334,15.410958904109588,1.4560076122315098,
base_snd,Standard Normal Deviate (AID),baseline,Бейзлайн,,,,,none,snd,fold3,0,fold3|s0,"Standard Normal Deviate — классический статистический контроль на детекторе. Вторая доменная точка отсчёта, не использующая пространственную структуру вообще.",3,,True,0,0.10672970001178328,0.03406050178768133,,False,3.114544510841379,validation,0.25,0.002533783783783784,3,0.0,7,0,,,,0.0,0.0,0.12903225806451613,0.21094246674215855,0.15125448028673835,0.6277779556807993,0.627906976744186,0.3039647577092511,1.4019187688827515,0.16286644951140064,3.8553488372093025,1.3946196260915222,
base_iforest,Isolation Forest,baseline,Бейзлайн,,,,,none,iforest,fold3,0,fold3|s0,"Adaptive Isolation Forest даёт 71–100% detection rate на реальных городских событиях (J. Intelligent Transportation Systems, 2025). Включён как сильный неглубокий конкурент, а не для контраста.",150,,True,0,0.972971499999403,1.5326000716892743,,False,0.7148932516574862,validation,0.25,0.028716216216216218,3,0.2857142857142857,7,2,9.5,9.5,15.5,0.0,0.19536910469104646,1.4623655913978495,0.38195213335225353,0.15125448028673835,0.7833915076213654,0.7352941176470589,0.4555256064690027,0.6467821002006531,0.22297297297297297,3.2976827094474155,2.5252285593667945,
deep_transformer_contrastive,Transformer (без графа) + Контрастив,non_graph,Без графа,transformer,contrastive,Transformer (без графа),Контрастив,representation-discrepancy,,fold3,0,fold3|s0,"TransDe-подобная связка: мультимасштабный контрастив поверх внимания, без графа. Лидирует на четырёх MTSAD-бенчмарках из пяти. Если обходит графовые модели — физический prior коридора не нужен.",159840,96.0,True,40,126.74273399999947,0.173754480293548,4.0163421934786516e-05,False,0.0011236952268518512,validation,0.25,0.030405405405405407,3,0.14285714285714285,7,1,10.0,10.0,10.0,0.0,0.08999436070677666,1.5483870967741935,0.22746288951163116,0.15125448028673835,0.6522391763801717,0.5427350427350427,0.33480176211453744,0.00030847673770040274,0.11307420494699646,4.799813034188034,1.5038423263920637,
cand_gcngru_recon,GCN+GRU (фикс. граф) + Реконструкция,candidate,Кандидат,gcn_gru,recon,GCN+GRU (фикс. граф),Реконструкция,reconstruction,,fold3,0,fold3|s0,"РЕФЕРЕНС. Бенчмарк FT-AED (Coursey et al., 2024): unsupervised графовые автоэнкодеры — лучшее семейство на этих данных, а игнорирование пространственных связей ухудшает качество. Все остальные кандидаты сравниваются с этой точкой.",144516,144.0,True,40,65.67750360000355,0.1912584946212095,0.10802107144679342,True,1.7714197039604191,validation,0.25,0.052364864864864864,3,0.2857142857142857,7,2,11.5,11.5,18.3,0.0,0.18105726089831056,2.6666666666666665,0.26510518155885193,0.15125448028673835,0.7274401178429615,0.539291217257319,0.4339080459770115,0.6293942928314209,0.1568627450980392,3.4379815100154087,1.752709612675822,
cand_gatlstm_recon,GAT+LSTM (обуч. внимание) + Реконструкция,candidate,Кандидат,gat_lstm,recon,GAT+LSTM (обуч. внимание),Реконструкция,reconstruction,,fold3,0,fold3|s0,"Обучаемое внимание вместо фиксированного графа при той же голове. В работе «Toward explainable automatic incident detection» (2025) GAT+LSTM — лучшая пара пространственного и временного модуля. Проверяет, размывает ли фиксированное сглаживание сам сигнал аномалии.",152728,160.0,True,40,130.69027130000177,0.5191898924769253,0.1607396693101951,True,2.723577857017519,validation,0.25,0.04307432432432432,3,0.14285714285714285,7,1,5.0,5.0,5.0,0.0,0.11338578942629997,2.193548387096774,0.26959652775018617,0.15125448028673835,0.7471339823235558,0.6326836581709145,0.4073455759599332,1.3606789112091064,0.136986301369863,4.618590704647676,1.7824035839408043,
cand_gcngru_bigan,GCN+GRU (фикс. граф) + Критик BiGAN,candidate,Кандидат,gcn_gru,bigan,GCN+GRU (фикс. граф),Критик BiGAN,discriminator,,fold3,0,fold3|s0,"Тот же энкодер, механизм score — критик. CCB-GraphGAN (Nouri et al., 2026) на FT-AED: −5 мин к задержке при FPR 1%. Одновременно проверяет открытый пробел: при D*=1/2 выход критика не несёт информации об аномалии (см. абляцию cycle vs critic).",150391,120.0,True,15,23.755691300000763,0.10357096774159767,0.6113689882414681,True,0.2128448411822319,validation,0.25,0.008445945945945946,3,0.2857142857142857,7,2,-5.0,-5.0,-5.0,1.0,0.2857142857142857,0.43010752688172044,0.17663885761554898,0.15125448028673835,0.579299827078263,0.7634194831013916,0.2709251101321586,0.2118794023990631,0.09621993127147767,7.934109627946605,1.1678256226241273,
cand_hypergraph_flow,Гиперграф+Bi-GLU + Плотность (flow),candidate,Кандидат,hypergraph,flow,Гиперграф+Bi-GLU,Плотность (flow),density,,fold3,0,fold3|s0,"DHMPN-подобная связка: направленный гиперграф + нормализующий поток. Явная плотность вместо эвристики, дешевле трансформеров, заявлено превосходство над SOTA-графами. Единственный кандидат с калиброванным вероятностным score — нужен для safety-валидатора в контуре устранения.",154440,104.0,True,40,46.82476270000916,0.08836896057569466,-317.5944388253348,True,-317.5023956298828,validation,0.25,0.026182432432432432,3,0.14285714285714285,7,1,7.0,7.0,7.0,0.0,0.10337637410288415,1.3333333333333333,0.28894997619494256,0.15125448028673835,0.7298398072242859,0.6433823529411765,0.3801242236024845,-317.5813293457031,0.1259259259259259,5.109212802768167,1.9103564776869426,
cand_gcngru_physics,GCN+GRU (фикс. граф) + Невязка LWR,candidate,Кандидат,gcn_gru,physics,GCN+GRU (фикс. граф),Невязка LWR,physical-residual,,fold3,0,fold3|s0,"Невязка закона сохранения LWR как score. НЕЗАНЯТАЯ НИША: physics-informed подход применён к обнаружению заторов и к генерации, но не как голова детектора. Единственный механизм, чей score не зависит от обученного генератора, то есть структурно невосприимчив к циркулярности оценки.",153068,152.0,True,40,69.75760490000539,0.1914829390639219,0.0092532964689391,True,0.12535654753446582,validation,0.25,0.019425675675675675,3,0.2857142857142857,7,2,14.0,14.0,14.8,0.0,0.1497732128353304,0.989247311827957,0.2649197643286568,0.15125448028673835,0.7275521967465095,0.6972111553784861,0.39575033200531207,0.03705768287181854,0.138996138996139,5.016046923417441,1.7514837499453852,0.49854028458081173
