config,dataset,seed,source,expected_bit_identical,padf_runs,padf_recomputed,abs_diff_padf,threshold_runs,threshold_recomputed,abs_diff_threshold,alarms_per_hour_runs,alarm_cells_per_hour,abs_diff_alarms_per_hour,average_precision_runs,average_precision_recomputed,padf_match,threshold_match,reproduced
base_california,fold0,0,recomputed,True,0.3324692444233059,0.3324692444233059,0.0,-0.1646090671420089,-0.16460906714200896,5.551115123125783e-17,0.6868356500408831,0.6868356500408831,0.0,0.2798056867760023,0.2798056867760023,True,True,True
base_iforest,fold0,0,recomputed,True,0.494355200488802,0.49435520048880205,5.551115123125783e-17,0.6834249794483187,0.6836168467998505,0.00019186735153176038,2.2076860179885527,2.109566639411284,0.09811937857726871,0.3972962797068751,0.4000700616480036,True,False,False
base_pca,fold0,0,recomputed,True,0.25,0.25,0.0,4.573846578598023,4.573843240737917,3.3378601065336966e-06,0.3434178250204415,0.34341782502044155,5.551115123125783e-17,0.4805265064417544,0.48052650644175443,True,True,True
base_snd,fold0,0,recomputed,True,0.2656449474314214,0.2656449474314214,0.0,2.648670315742496,2.6486731767654703,2.861022974531835e-06,0.2452984464431725,0.24529844644317253,2.7755575615628914e-17,0.2642202196710921,0.2642202196710921,True,True,True
ctrl_random,fold0,0,recomputed,True,0.1967936471873146,0.19679364718731468,8.326672684688674e-17,3.131225466728212,3.1312254667282122,4.440892098500626e-16,0.0490596892886345,0.04905968928863451,6.938893903907228e-18,0.2152834111328389,0.2152834111328389,True,True,True
ctrl_untrained,fold0,0,recomputed,False,0.25,0.25,0.0,14.733817577362068,14.61832761764527,0.11548995971679688,1.177432542927228,1.177432542927228,0.0,0.5027068035551817,0.5052103574337639,True,False,False
base_california,fold0,1,recomputed,True,0.3324692444233059,0.3324692444233059,0.0,-0.1646090671420089,-0.16460906714200896,5.551115123125783e-17,0.6868356500408831,0.6868356500408831,0.0,0.2798056867760023,0.2798056867760023,True,True,True
base_iforest,fold0,1,recomputed,True,0.244355200488802,0.43564326532412345,0.19128806483532146,0.6958242952823641,0.6926657855510712,0.0031585097312929467,0.294358135731807,0.49059689288634506,0.19623875715453803,0.3878757801480081,0.39398795545425286,False,False,False
base_pca,fold0,1,recomputed,True,0.25,0.25,0.0,4.573846578598023,4.573843240737917,3.3378601065336966e-06,0.3434178250204415,0.34341782502044155,5.551115123125783e-17,0.4805265064417544,0.48052650644175443,True,True,True
base_snd,fold0,1,recomputed,True,0.2656449474314214,0.2656449474314214,0.0,2.648670315742496,2.6486731767654703,2.861022974531835e-06,0.2452984464431725,0.24529844644317253,2.7755575615628914e-17,0.2642202196710921,0.2642202196710921,True,True,True
ctrl_random,fold0,1,recomputed,True,0.3251890647551323,0.3251890647551323,0.0,3.016839861869813,3.016839861869813,0.0,0.7849550286181521,0.7849550286181521,0.0,0.2307492483987457,0.23074924839874578,True,True,True
ctrl_untrained,fold0,1,recomputed,False,0.25,0.25,0.0,14.69850873947144,14.774371623992923,0.0758628845214826,1.177432542927228,1.177432542927228,0.0,0.5027518113411072,0.5059639647623576,True,False,False
base_california,fold0,2,recomputed,True,0.3324692444233059,0.3324692444233059,0.0,-0.1646090671420089,-0.16460906714200896,5.551115123125783e-17,0.6868356500408831,0.6868356500408831,0.0,0.2798056867760023,0.2798056867760023,True,True,True
base_iforest,fold0,2,recomputed,True,0.4481002661072316,0.44810026610723164,5.551115123125783e-17,0.6846084296703339,0.6868443787097933,0.0022359490394594506,1.2755519215044973,1.2755519215044973,0.0,0.3644787698790663,0.36205232358553135,True,False,False
base_pca,fold0,2,recomputed,True,0.25,0.25,0.0,4.573846578598023,4.573843240737917,3.3378601065336966e-06,0.3434178250204415,0.34341782502044155,5.551115123125783e-17,0.4805265064417544,0.48052650644175443,True,True,True
base_snd,fold0,2,recomputed,True,0.2656449474314214,0.2656449474314214,0.0,2.648670315742496,2.6486731767654703,2.861022974531835e-06,0.2452984464431725,0.24529844644317253,2.7755575615628914e-17,0.2642202196710921,0.2642202196710921,True,True,True
ctrl_random,fold0,2,recomputed,True,0.0544094102060077,0.05440941020600776,5.551115123125783e-17,3.142265200614929,3.142265200614929,0.0,0.294358135731807,0.294358135731807,0.0,0.2204169262040521,0.22041692620405212,True,True,True
ctrl_untrained,fold0,2,recomputed,False,0.25,0.25,0.0,14.738269329071043,14.623425006866462,0.11484432220458096,1.1283728536385935,1.177432542927228,0.04905968928863458,0.5027449410745505,0.5031807128481148,True,False,False
base_california,fold0,3,recomputed,True,0.3324692444233059,0.3324692444233059,0.0,-0.1646090671420089,-0.16460906714200896,5.551115123125783e-17,0.6868356500408831,0.6868356500408831,0.0,0.2798056867760023,0.2798056867760023,True,True,True
base_iforest,fold0,3,recomputed,True,0.369355200488802,0.36935520048880205,5.551115123125783e-17,0.6931409537792206,0.6916755139827728,0.001465439796447754,1.3736713000817662,1.5208503679476697,0.1471790678659035,0.382163619880481,0.3809240890884144,True,False,False
base_pca,fold0,3,recomputed,True,0.25,0.25,0.0,4.573846578598023,4.573843240737917,3.3378601065336966e-06,0.3434178250204415,0.34341782502044155,5.551115123125783e-17,0.4805265064417544,0.48052650644175443,True,True,True
base_snd,fold0,3,recomputed,True,0.2656449474314214,0.2656449474314214,0.0,2.648670315742496,2.6486731767654703,2.861022974531835e-06,0.2452984464431725,0.24529844644317253,2.7755575615628914e-17,0.2642202196710921,0.2642202196710921,True,True,True
ctrl_random,fold0,3,recomputed,True,0.184677600244401,0.18467760024440105,5.551115123125783e-17,3.136123061180115,3.136123061180115,0.0,0.098119378577269,0.09811937857726902,1.3877787807814457e-17,0.2261142295325496,0.22611422953254962,True,True,True
ctrl_untrained,fold0,3,recomputed,False,0.25,0.25,0.0,14.50525903701783,14.659817218780532,0.15455818176270242,1.177432542927228,1.177432542927228,0.0,0.5024266616304449,0.5045684192499016,True,False,False
base_california,fold0,4,recomputed,True,0.3324692444233059,0.3324692444233059,0.0,-0.1646090671420089,-0.16460906714200896,5.551115123125783e-17,0.6868356500408831,0.6868356500408831,0.0,0.2798056867760023,0.2798056867760023,True,True,True
base_iforest,fold0,4,recomputed,True,0.494355200488802,0.49435520048880205,5.551115123125783e-17,0.6849800646305086,0.6866628229618075,0.0016827583312988281,1.226492232215863,1.2755519215044973,0.049059689288634356,0.4201267712144079,0.41516480280231693,True,False,False
base_pca,fold0,4,recomputed,True,0.25,0.25,0.0,4.573846578598023,4.573843240737917,3.3378601065336966e-06,0.3434178250204415,0.34341782502044155,5.551115123125783e-17,0.4805265064417544,0.48052650644175443,True,True,True
base_snd,fold0,4,recomputed,True,0.2656449474314214,0.2656449474314214,0.0,2.648670315742496,2.6486731767654703,2.861022974531835e-06,0.2452984464431725,0.24529844644317253,2.7755575615628914e-17,0.2642202196710921,0.2642202196710921,True,True,True
ctrl_random,fold0,4,recomputed,True,0.184677600244401,0.18467760024440105,5.551115123125783e-17,3.132897257804871,3.132897257804871,0.0,0.0,0.0,0.0,0.2275604277272736,0.22756042772727364,True,True,True
ctrl_untrained,fold0,4,recomputed,False,0.25,0.25,0.0,14.944020748138437,14.781177997589124,0.16284275054931285,1.177432542927228,1.1283728536385937,0.049059689288634356,0.5045491188753279,0.5024936899512651,True,False,False
base_california,fold1,0,recomputed,True,0.0,0.0,0.0,1.247842133045212,1.247842133045212,0.0,0.1290322580645161,0.12903225806451613,2.7755575615628914e-17,0.2598504240584637,0.2598504240584637,True,True,True
base_iforest,fold1,0,recomputed,True,0.1779458353378953,0.17794583533789537,8.326672684688674e-17,0.7185776531696322,0.718006879091263,0.0005707740783691406,1.2043010752688172,1.075268817204301,0.12903225806451624,0.3325592358323762,0.3302232414016296,True,False,False
base_pca,fold1,0,recomputed,True,0.0609347210941458,0.06093472109414588,8.326672684688674e-17,4.357173681259155,4.357176065444951,2.384185795456517e-06,1.3763440860215057,1.3763440860215055,2.220446049250313e-16,0.2398636167821576,0.23986361678215762,True,True,True
base_snd,fold1,0,recomputed,True,0.2222222222222222,0.2222222222222222,0.0,2.735160470008875,2.735160470008875,0.0,0.4301075268817204,0.43010752688172044,5.551115123125783e-17,0.2927093773454512,0.2927093773454512,True,True,True
ctrl_random,fold1,0,recomputed,True,0.1111111111111111,0.1111111111111111,0.0,3.1409658193588257,3.1409658193588257,0.0,0.1290322580645161,0.12903225806451613,2.7755575615628914e-17,0.2277768626463392,0.22777686264633926,True,True,True
ctrl_untrained,fold1,0,recomputed,False,0.0,0.0,0.0,19.244734764099125,18.947024345397956,0.2977104187011683,0.946236559139785,0.9032258064516129,0.043010752688172116,0.222377198943735,0.22249238327159673,True,False,False
base_california,fold1,1,recomputed,True,0.0,0.0,0.0,1.247842133045212,1.247842133045212,0.0,0.1290322580645161,0.12903225806451613,2.7755575615628914e-17,0.2598504240584637,0.2598504240584637,True,True,True
base_iforest,fold1,1,recomputed,True,0.3472399532723746,0.3472399532723746,0.0,0.7039056718349457,0.703176349401474,0.0007293224334716797,1.3763440860215057,1.5053763440860215,0.1290322580645158,0.3212180809322912,0.3184495669435472,True,False,False
base_pca,fold1,1,recomputed,True,0.0609347210941458,0.06093472109414588,8.326672684688674e-17,4.357173681259155,4.357176065444951,2.384185795456517e-06,1.3763440860215057,1.3763440860215055,2.220446049250313e-16,0.2398636167821576,0.23986361678215762,True,True,True
base_snd,fold1,1,recomputed,True,0.2222222222222222,0.2222222222222222,0.0,2.735160470008875,2.735160470008875,0.0,0.4301075268817204,0.43010752688172044,5.551115123125783e-17,0.2927093773454512,0.2927093773454512,True,True,True
ctrl_random,fold1,1,recomputed,True,0.2222222222222222,0.2222222222222222,0.0,3.016839861869813,3.016839861869813,0.0,0.9032258064516128,0.9032258064516129,1.1102230246251565e-16,0.2084437649535289,0.20844376495352895,True,True,True
ctrl_untrained,fold1,1,recomputed,False,0.0,0.0,0.0,19.027991294860847,19.17147541046143,0.14348411560058238,0.946236559139785,0.946236559139785,0.0,0.2219045641438557,0.22284863084961395,True,False,False
base_california,fold1,2,recomputed,True,0.0,0.0,0.0,1.247842133045212,1.247842133045212,0.0,0.1290322580645161,0.12903225806451613,2.7755575615628914e-17,0.2598504240584637,0.2598504240584637,True,True,True
base_iforest,fold1,2,recomputed,True,0.3472399532723746,0.17794583533789537,0.16929411793447924,0.7112163603305819,0.7118734419345858,0.0006570816040039062,1.2043010752688172,1.118279569892473,0.08602150537634423,0.3274334951892512,0.3312467022908518,False,False,False
base_pca,fold1,2,recomputed,True,0.0609347210941458,0.06093472109414588,8.326672684688674e-17,4.357173681259155,4.357176065444951,2.384185795456517e-06,1.3763440860215057,1.3763440860215055,2.220446049250313e-16,0.2398636167821576,0.23986361678215762,True,True,True
base_snd,fold1,2,recomputed,True,0.2222222222222222,0.2222222222222222,0.0,2.735160470008875,2.735160470008875,0.0,0.4301075268817204,0.43010752688172044,5.551115123125783e-17,0.2927093773454512,0.2927093773454512,True,True,True
ctrl_random,fold1,2,recomputed,True,0.1666666666666666,0.16666666666666666,5.551115123125783e-17,3.1472424268722548,3.1472424268722548,0.0,0.2150537634408602,0.21505376344086022,2.7755575615628914e-17,0.2229955166257751,0.22299551662577516,True,True,True
ctrl_untrained,fold1,2,recomputed,False,0.0,0.0,0.0,19.03975582122803,18.946621894836436,0.09313392639159446,0.946236559139785,0.989247311827957,0.043010752688172005,0.2216399768136838,0.22207322453843545,True,False,False
base_california,fold1,3,recomputed,True,0.0,0.0,0.0,1.247842133045212,1.247842133045212,0.0,0.1290322580645161,0.12903225806451613,2.7755575615628914e-17,0.2598504240584637,0.2598504240584637,True,True,True
base_iforest,fold1,3,recomputed,True,0.1779458353378953,0.17794583533789537,8.326672684688674e-17,0.7116939723491669,0.7128259241580965,0.0011319518089296654,1.118279569892473,1.075268817204301,0.043010752688172005,0.3164093100902561,0.3214117040193396,True,False,False
base_pca,fold1,3,recomputed,True,0.0609347210941458,0.06093472109414588,8.326672684688674e-17,4.357173681259155,4.357176065444951,2.384185795456517e-06,1.3763440860215057,1.3763440860215055,2.220446049250313e-16,0.2398636167821576,0.23986361678215762,True,True,True
base_snd,fold1,3,recomputed,True,0.2222222222222222,0.2222222222222222,0.0,2.735160470008875,2.735160470008875,0.0,0.4301075268817204,0.43010752688172044,5.551115123125783e-17,0.2927093773454512,0.2927093773454512,True,True,True
ctrl_random,fold1,3,recomputed,True,0.1111111111111111,0.1111111111111111,0.0,3.185943484306337,3.1859434843063372,4.440892098500626e-16,0.086021505376344,0.08602150537634409,9.71445146547012e-17,0.2260864907883462,0.22608649078834628,True,True,True
ctrl_untrained,fold1,3,recomputed,False,0.0,0.0,0.0,18.854968070983887,19.03995418548585,0.18498611450196378,0.946236559139785,0.9032258064516129,0.043010752688172116,0.2215190736903131,0.2220939217306379,True,False,False
base_california,fold1,4,recomputed,True,0.0,0.0,0.0,1.247842133045212,1.247842133045212,0.0,0.1290322580645161,0.12903225806451613,2.7755575615628914e-17,0.2598504240584637,0.2598504240584637,True,True,True
base_iforest,fold1,4,recomputed,True,0.2890569464490065,0.2890569464490065,0.0,0.718550115823746,0.7171115577220917,0.0014385581016542748,0.946236559139785,0.989247311827957,0.043010752688172005,0.3174810672570616,0.31670497657820346,True,False,False
base_pca,fold1,4,recomputed,True,0.0609347210941458,0.06093472109414588,8.326672684688674e-17,4.357173681259155,4.357176065444951,2.384185795456517e-06,1.3763440860215057,1.3763440860215055,2.220446049250313e-16,0.2398636167821576,0.23986361678215762,True,True,True
base_snd,fold1,4,recomputed,True,0.2222222222222222,0.2222222222222222,0.0,2.735160470008875,2.735160470008875,0.0,0.4301075268817204,0.43010752688172044,5.551115123125783e-17,0.2927093773454512,0.2927093773454512,True,True,True
ctrl_random,fold1,4,recomputed,True,0.0,0.0,0.0,3.132897257804871,3.132897257804871,0.0,0.086021505376344,0.08602150537634409,9.71445146547012e-17,0.2231654416613549,0.22316544166135494,True,True,True
ctrl_untrained,fold1,4,recomputed,False,0.0,0.0,0.0,19.19118213653565,19.05837535858155,0.13280677795410156,0.946236559139785,0.946236559139785,0.0,0.2224292379143307,0.22164874758820763,True,False,False
base_california,fold2,0,recomputed,True,0.0,0.0,0.0,1.2573580145835963,1.2573580145835965,2.220446049250313e-16,0.1384615384615384,0.13846153846153844,2.7755575615628914e-17,0.3174549354083426,0.31745493540834263,True,True,True
base_iforest,fold2,0,recomputed,True,0.3692929937102783,0.3692929937102783,0.0,0.7117991745471957,0.7122710049152376,0.0004718303680419922,1.015384615384615,1.0153846153846153,2.220446049250313e-16,0.4144848104510967,0.41633640219243895,True,False,False
base_pca,fold2,0,recomputed,True,0.0909090909090909,0.09090909090909091,1.3877787807814457e-17,6.883805513381965,6.8837969303131175,8.58306884765625e-06,0.2769230769230769,0.2769230769230769,0.0,0.4750059714943987,0.4750059714943987,True,True,True
base_snd,fold2,0,recomputed,True,0.3518682330269204,0.3518682330269204,0.0,2.147168517112809,2.147168517112809,0.0,1.2923076923076922,1.2923076923076922,0.0,0.3240913619572202,0.32409136195722027,True,True,True
ctrl_random,fold2,0,recomputed,True,0.0,0.0,0.0,3.140965819358827,3.140965819358827,0.0,0.1846153846153846,0.1846153846153846,0.0,0.2512576646433218,0.25125766464332183,True,True,True
ctrl_untrained,fold2,0,recomputed,False,0.0909090909090909,0.09090909090909091,1.3877787807814457e-17,21.090176582336436,20.763817787170417,0.3263587951660192,0.0461538461538461,0.04615384615384615,4.85722573273506e-17,0.4192260568221534,0.4200092709253986,True,False,False
base_california,fold2,1,recomputed,True,0.0,0.0,0.0,1.2573580145835963,1.2573580145835965,2.220446049250313e-16,0.1384615384615384,0.13846153846153844,2.7755575615628914e-17,0.3174549354083426,0.31745493540834263,True,True,True
base_iforest,fold2,1,recomputed,True,0.3219711830459685,0.3219711830459685,0.0,0.7015306055545809,0.7009733617305756,0.000557243824005349,1.1538461538461535,1.2461538461538462,0.09230769230769265,0.4313037921600664,0.4277718384802429,True,False,False
base_pca,fold2,1,recomputed,True,0.0909090909090909,0.09090909090909091,1.3877787807814457e-17,6.883805513381965,6.8837969303131175,8.58306884765625e-06,0.2769230769230769,0.2769230769230769,0.0,0.4750059714943987,0.4750059714943987,True,True,True
base_snd,fold2,1,recomputed,True,0.3518682330269204,0.3518682330269204,0.0,2.147168517112809,2.147168517112809,0.0,1.2923076923076922,1.2923076923076922,0.0,0.3240913619572202,0.32409136195722027,True,True,True
ctrl_random,fold2,1,recomputed,True,0.1936327749952215,0.19363277499522152,2.7755575615628914e-17,3.016839861869813,3.016839861869813,0.0,0.9692307692307692,0.9692307692307692,0.0,0.2621024032143315,0.26210240321433154,True,True,True
ctrl_untrained,fold2,1,recomputed,False,0.0909090909090909,0.09090909090909091,1.3877787807814457e-17,20.850069999694824,20.96768856048585,0.11761856079102628,0.0461538461538461,0.04615384615384615,4.85722573273506e-17,0.4182568634602271,0.41968466576461677,True,False,False
base_california,fold2,2,recomputed,True,0.0,0.0,0.0,1.2573580145835963,1.2573580145835965,2.220446049250313e-16,0.1384615384615384,0.13846153846153844,2.7755575615628914e-17,0.3174549354083426,0.31745493540834263,True,True,True
base_iforest,fold2,2,recomputed,True,0.0909090909090909,0.09090909090909091,1.3877787807814457e-17,0.7185798585414886,0.7167676389217377,0.0018122196197509766,0.0923076923076923,0.0923076923076923,0.0,0.4121117979600771,0.41102116674915645,True,False,False
base_pca,fold2,2,recomputed,True,0.0909090909090909,0.09090909090909091,1.3877787807814457e-17,6.883805513381965,6.8837969303131175,8.58306884765625e-06,0.2769230769230769,0.2769230769230769,0.0,0.4750059714943987,0.4750059714943987,True,True,True
base_snd,fold2,2,recomputed,True,0.3518682330269204,0.3518682330269204,0.0,2.147168517112809,2.147168517112809,0.0,1.2923076923076922,1.2923076923076922,0.0,0.3240913619572202,0.32409136195722027,True,True,True
ctrl_random,fold2,2,recomputed,True,0.0909090909090909,0.09090909090909091,1.3877787807814457e-17,3.1472424268722548,3.1472424268722548,0.0,0.2307692307692307,0.23076923076923075,5.551115123125783e-17,0.2822233646899968,0.28222336468999687,True,True,True
ctrl_untrained,fold2,2,recomputed,False,0.0909090909090909,0.09090909090909091,1.3877787807814457e-17,20.89477825164796,20.866311073303233,0.028467178344726562,0.0461538461538461,0.04615384615384615,4.85722573273506e-17,0.4209948910276953,0.41948060894220024,True,False,False
base_california,fold2,3,recomputed,True,0.0,0.0,0.0,1.2573580145835963,1.2573580145835965,2.220446049250313e-16,0.1384615384615384,0.13846153846153844,2.7755575615628914e-17,0.3174549354083426,0.31745493540834263,True,True,True
base_iforest,fold2,3,recomputed,True,0.2390873204497669,0.2446324036348989,0.005545083185131999,0.7088339626789095,0.7076164186000824,0.0012175440788271263,1.0615384615384615,1.1538461538461537,0.0923076923076922,0.4116232253050156,0.4145804900908142,False,False,False
base_pca,fold2,3,recomputed,True,0.0909090909090909,0.09090909090909091,1.3877787807814457e-17,6.883805513381965,6.8837969303131175,8.58306884765625e-06,0.2769230769230769,0.2769230769230769,0.0,0.4750059714943987,0.4750059714943987,True,True,True
base_snd,fold2,3,recomputed,True,0.3518682330269204,0.3518682330269204,0.0,2.147168517112809,2.147168517112809,0.0,1.2923076923076922,1.2923076923076922,0.0,0.3240913619572202,0.32409136195722027,True,True,True
ctrl_random,fold2,3,recomputed,True,0.0,0.0,0.0,3.185943484306337,3.1859434843063372,4.440892098500626e-16,0.0923076923076923,0.0923076923076923,0.0,0.2552413607384247,0.25524136073842474,True,True,True
ctrl_untrained,fold2,3,recomputed,False,0.0909090909090909,0.09090909090909091,1.3877787807814457e-17,20.80728054046632,20.84989261627199,0.04261207580567117,0.0461538461538461,0.04615384615384615,4.85722573273506e-17,0.4191044291922268,0.41920333371380203,True,False,False
base_california,fold2,4,recomputed,True,0.0,0.0,0.0,1.2573580145835963,1.2573580145835965,2.220446049250313e-16,0.1384615384615384,0.13846153846153844,2.7755575615628914e-17,0.3174549354083426,0.31745493540834263,True,True,True
base_iforest,fold2,4,recomputed,True,0.2647020444143833,0.26470204441438333,5.551115123125783e-17,0.7086703479290009,0.7085380852222445,0.00013226270675636975,0.923076923076923,0.8769230769230769,0.0461538461538461,0.4107945312830186,0.4097318510809528,True,False,False
base_pca,fold2,4,recomputed,True,0.0909090909090909,0.09090909090909091,1.3877787807814457e-17,6.883805513381965,6.8837969303131175,8.58306884765625e-06,0.2769230769230769,0.2769230769230769,0.0,0.4750059714943987,0.4750059714943987,True,True,True
base_snd,fold2,4,recomputed,True,0.3518682330269204,0.3518682330269204,0.0,2.147168517112809,2.147168517112809,0.0,1.2923076923076922,1.2923076923076922,0.0,0.3240913619572202,0.32409136195722027,True,True,True
ctrl_random,fold2,4,recomputed,True,0.0909090909090909,0.09090909090909091,1.3877787807814457e-17,3.132897257804871,3.132897257804871,0.0,0.0,0.0,0.0,0.3007215198228583,0.30072151982285833,True,True,True
ctrl_untrained,fold2,4,recomputed,False,0.0909090909090909,0.09090909090909091,1.3877787807814457e-17,20.805045127868656,20.907753944396987,0.10270881652833097,0.0461538461538461,0.04615384615384615,4.85722573273506e-17,0.4190240163843921,0.4177627341121659,True,False,False
base_california,fold3,0,recomputed,True,0.0,0.0,0.0,0.5206284224987157,0.5206284224987157,0.0,0.1720430107526881,0.17204301075268819,8.326672684688674e-17,0.2202276746816118,0.22022767468161186,True,True,True
base_iforest,fold3,0,recomputed,True,0.1953691046910464,0.19536910469104646,5.551115123125783e-17,0.7148932516574862,0.7171758115291597,0.002282559871673473,1.4623655913978495,1.4193548387096775,0.043010752688172005,0.3819521333522535,0.3851494996909989,True,False,False
base_pca,fold3,0,recomputed,True,0.2511226118935998,0.25112261189359986,5.551115123125783e-17,6.918563604354864,6.9185612201690745,2.384185789239268e-06,2.4516129032258065,2.4516129032258065,0.0,0.3140069304334016,0.31400693043340167,True,True,True
base_snd,fold3,0,recomputed,True,0.0,0.0,0.0,3.114544510841379,3.1145437955856514,7.152557275347249e-07,0.1290322580645161,0.12903225806451613,2.7755575615628914e-17,0.2109424667421585,0.21094246674215855,True,True,True
ctrl_random,fold3,0,recomputed,True,0.1428571428571428,0.14285714285714285,5.551115123125783e-17,3.131225466728211,3.131225466728211,0.0,0.1290322580645161,0.12903225806451613,2.7755575615628914e-17,0.1405825027781513,0.1405825027781513,True,True,True
ctrl_untrained,fold3,0,recomputed,False,0.0714285714285714,0.07142857142857142,2.7755575615628914e-17,18.80792331695557,18.749600410461433,0.05832290649413707,1.5483870967741935,1.5483870967741935,0.0,0.2963155735439771,0.2948434602230572,True,False,False
base_california,fold3,1,recomputed,True,0.0,0.0,0.0,0.5206284224987157,0.5206284224987157,0.0,0.1720430107526881,0.17204301075268819,8.326672684688674e-17,0.2202276746816118,0.22022767468161186,True,True,True
base_iforest,fold3,1,recomputed,True,0.1302460697940309,0.13024606979403097,8.326672684688674e-17,0.7163324654102328,0.7148267328739168,0.001505732536315918,0.7741935483870968,0.9032258064516129,0.12903225806451613,0.3780855585483621,0.3701328239442426,True,False,False
base_pca,fold3,1,recomputed,True,0.2511226118935998,0.25112261189359986,5.551115123125783e-17,6.918563604354864,6.9185612201690745,2.384185789239268e-06,2.4516129032258065,2.4516129032258065,0.0,0.3140069304334016,0.31400693043340167,True,True,True
base_snd,fold3,1,recomputed,True,0.0,0.0,0.0,3.114544510841379,3.1145437955856514,7.152557275347249e-07,0.1290322580645161,0.12903225806451613,2.7755575615628914e-17,0.2109424667421585,0.21094246674215855,True,True,True
ctrl_random,fold3,1,recomputed,True,0.1428571428571428,0.14285714285714285,5.551115123125783e-17,3.016839861869813,3.016839861869813,0.0,0.946236559139785,0.946236559139785,0.0,0.1556920392530195,0.1556920392530195,True,True,True
ctrl_untrained,fold3,1,recomputed,False,0.0714285714285714,0.07142857142857142,2.7755575615628914e-17,18.9439001083374,18.977652549743667,0.033752441406267764,1.5053763440860215,1.5483870967741935,0.043010752688172005,0.2991237490751973,0.29922825571779116,True,False,False
base_california,fold3,2,recomputed,True,0.0,0.0,0.0,0.5206284224987157,0.5206284224987157,0.0,0.1720430107526881,0.17204301075268819,8.326672684688674e-17,0.2202276746816118,0.22022767468161186,True,True,True
base_iforest,fold3,2,recomputed,True,0.2078345148443452,0.2078345148443452,0.0,0.7176875174045565,0.7160547077655794,0.0016328096389770508,1.1612903225806452,1.2043010752688172,0.043010752688172005,0.3773062470283881,0.37366470020086345,True,False,False
base_pca,fold3,2,recomputed,True,0.2511226118935998,0.25112261189359986,5.551115123125783e-17,6.918563604354864,6.9185612201690745,2.384185789239268e-06,2.4516129032258065,2.4516129032258065,0.0,0.3140069304334016,0.31400693043340167,True,True,True
base_snd,fold3,2,recomputed,True,0.0,0.0,0.0,3.114544510841379,3.1145437955856514,7.152557275347249e-07,0.1290322580645161,0.12903225806451613,2.7755575615628914e-17,0.2109424667421585,0.21094246674215855,True,True,True
ctrl_random,fold3,2,recomputed,True,0.2857142857142857,0.2857142857142857,0.0,3.1472424268722548,3.1472424268722548,0.0,0.2150537634408602,0.21505376344086022,2.7755575615628914e-17,0.1429618933644405,0.1429618933644405,True,True,True
ctrl_untrained,fold3,2,recomputed,False,0.0714285714285714,0.07142857142857142,2.7755575615628914e-17,18.937399864196784,18.816512107849128,0.12088775634765625,1.5483870967741935,1.6774193548387097,0.12903225806451624,0.2989579916578928,0.30115015628248837,True,False,False
base_california,fold3,3,recomputed,True,0.0,0.0,0.0,0.5206284224987157,0.5206284224987157,0.0,0.1720430107526881,0.17204301075268819,8.326672684688674e-17,0.2202276746816118,0.22022767468161186,True,True,True
base_iforest,fold3,3,recomputed,True,0.2731032126511738,0.2731032126511738,0.0,0.717053681612015,0.7173905670642855,0.0003368854522705078,1.2043010752688172,1.1612903225806452,0.043010752688172005,0.3905569827229846,0.39005472869842617,True,False,False
base_pca,fold3,3,recomputed,True,0.2511226118935998,0.25112261189359986,5.551115123125783e-17,6.918563604354864,6.9185612201690745,2.384185789239268e-06,2.4516129032258065,2.4516129032258065,0.0,0.3140069304334016,0.31400693043340167,True,True,True
base_snd,fold3,3,recomputed,True,0.0,0.0,0.0,3.114544510841379,3.1145437955856514,7.152557275347249e-07,0.1290322580645161,0.12903225806451613,2.7755575615628914e-17,0.2109424667421585,0.21094246674215855,True,True,True
ctrl_random,fold3,3,recomputed,True,0.0,0.0,0.0,3.185943484306337,3.1859434843063372,4.440892098500626e-16,0.1290322580645161,0.12903225806451613,2.7755575615628914e-17,0.1536719514954246,0.15367195149542462,True,True,True
ctrl_untrained,fold3,3,recomputed,False,0.0714285714285714,0.07142857142857142,2.7755575615628914e-17,18.76157093048096,18.81667804718019,0.05510711669922941,1.5913978494623655,1.5053763440860215,0.08602150537634401,0.2970324485869508,0.294559792964157,True,False,False
base_california,fold3,4,recomputed,True,0.0,0.0,0.0,0.5206284224987157,0.5206284224987157,0.0,0.1720430107526881,0.17204301075268819,8.326672684688674e-17,0.2202276746816118,0.22022767468161186,True,True,True
base_iforest,fold3,4,recomputed,True,0.1302460697940309,0.13024606979403097,8.326672684688674e-17,0.7151829302310946,0.7160246074199677,0.000841677188873069,1.4623655913978495,1.5913978494623655,0.12903225806451601,0.3518371520006839,0.3411166442339671,True,False,False
base_pca,fold3,4,recomputed,True,0.2511226118935998,0.25112261189359986,5.551115123125783e-17,6.918563604354864,6.9185612201690745,2.384185789239268e-06,2.4516129032258065,2.4516129032258065,0.0,0.3140069304334016,0.31400693043340167,True,True,True
base_snd,fold3,4,recomputed,True,0.0,0.0,0.0,3.114544510841379,3.1145437955856514,7.152557275347249e-07,0.1290322580645161,0.12903225806451613,2.7755575615628914e-17,0.2109424667421585,0.21094246674215855,True,True,True
ctrl_random,fold3,4,recomputed,True,0.0,0.0,0.0,3.132897257804871,3.132897257804871,0.0,0.086021505376344,0.08602150537634409,9.71445146547012e-17,0.1622482063146113,0.16224820631461134,True,True,True
ctrl_untrained,fold3,4,recomputed,False,0.0714285714285714,0.07142857142857142,2.7755575615628914e-17,18.79093074798584,18.917977333068855,0.12704658508301492,1.5483870967741935,1.5053763440860215,0.043010752688172005,0.2944723215738085,0.294148530873734,True,False,False
